,id,Player,Tm,Age,Pos,G,GS,QBrec,Cmp,Att,Cmp%,Yds,TD,TD%,Int,Int%,Y/A,AY/A,Y/C,Y/G,Rate,QBR,Sk,Yds.1,Sk%,NY/A,ANY/A,Cmp/G,Att/G
0,AlleBr00,Brandon Allen,DEN,27,QB,3,3,1-2-0,39,84,46.4,515,3,3.6,2,2.4,6.1,5.8,13.2,171.7,68.3,40.1,9,59,9.7,4.9,4.58,13.0,28.0
1,AlleBr00,Brandon Allen,CIN,28,QB,5,5,1-4-0,90,142,63.4,925,5,3.5,4,2.8,6.5,6.0,10.3,185.0,82.0,37.5,7,51,4.7,5.87,5.33,18.0,28.4
2,AlleBr00,Brandon Allen,,29,QB,6,1,0-1-0,17,34,50.0,149,2,5.9,0,0.0,4.4,5.6,8.8,24.8,81.6,8.4,4,33,10.5,3.05,4.11,2.8,5.7
3,AlleJo02,Josh Allen,BUF,22,QB,12,11,5-6-0,169,320,52.8,2074,10,3.1,12,3.8,6.5,5.4,12.3,172.8,67.9,49.8,28,213,8.0,5.35,4.37,14.1,26.7
4,AlleJo02,Josh Allen,BUF,23,QB,16,16,10-6-0,271,461,58.8,3089,20,4.3,9,2.0,6.7,6.7,11.4,193.1,85.3,49.4,38,237,7.6,5.72,5.71,16.9,28.8
5,AlleJo02,Josh Allen*,BUF,24,QB,16,16,13-3-0,396,572,69.2,4544,37,6.5,10,1.7,7.9,8.5,11.5,284.0,107.2,76.6,26,159,4.3,7.33,7.82,24.8,35.8
6,AlleJo02,Josh Allen,,25,QB,17,17,11-6-0,409,646,63.3,4407,36,5.6,15,2.3,6.8,6.9,10.8,259.2,92.2,60.7,26,164,3.9,6.31,6.38,24.1,38.0
7,AlleKy00,Kyle Allen,CAR,22,QB,2,1,1-0-0,20,31,64.5,266,2,6.5,0,0.0,8.6,9.9,13.3,133.0,113.1,95.2,0,0,0.0,8.58,9.87,10.0,15.5
8,AlleKy00,Kyle Allen,CAR,23,QB,13,12,5-7-0,303,489,62.0,3322,17,3.5,16,3.3,6.8,6.0,11.0,255.5,80.0,38.3,46,397,8.6,5.47,4.76,23.3,37.6
9,AlleKy00,Kyle Allen,WAS,24,QB,4,4,1-3-0,60,87,69.0,610,4,4.6,1,1.1,7.0,7.4,10.2,152.5,99.3,68.2,7,44,7.4,6.02,6.39,15.0,21.8
10,AlleKy00,Kyle Allen,,25,QB,2,0,,12,19,63.2,120,1,5.3,0,0.0,6.3,7.4,10.0,60.0,98.6,24.6,2,5,9.5,5.48,6.43,6.0,9.5
11,BradTo00,Tom Brady*,NWE,35,QB,16,16,12-4-0,401,637,63.0,4827,34,5.3,8,1.3,7.6,8.1,12.0,301.7,98.7,76.1,27,182,4.1,7.0,7.48,25.1,39.8
12,BradTo00,Tom Brady*,NWE,36,QB,16,16,12-4-0,380,628,60.5,4343,25,4.0,11,1.8,6.9,6.9,11.4,271.4,87.3,63.1,40,256,6.0,6.12,6.13,23.8,39.2
13,BradTo00,Tom Brady*,NWE,37,QB,16,16,12-4-0,373,582,64.1,4109,33,5.7,9,1.5,7.1,7.5,11.0,256.8,97.4,76.2,21,134,3.5,6.59,7.01,23.3,36.4
14,BradTo00,Tom Brady*,NWE,38,QB,16,16,12-4-0,402,624,64.4,4770,36,5.8,7,1.1,7.6,8.3,11.9,298.1,102.2,68.4,38,225,5.7,6.87,7.48,25.1,39.0
15,BradTo00,Tom Brady*,NWE,39,QB,12,12,11-1-0,291,432,67.4,3554,28,6.5,2,0.5,8.2,9.3,12.2,296.2,112.2,79.4,15,87,3.4,7.76,8.81,24.2,36.0
16,BradTo00,Tom Brady*+,NWE,40,QB,16,16,13-3-0,385,581,66.3,4577,32,5.5,8,1.4,7.9,8.4,11.9,286.1,102.8,70.6,35,201,5.7,7.1,7.56,24.1,36.3
17,BradTo00,Tom Brady*,NWE,41,QB,16,16,11-5-0,375,570,65.8,4355,29,5.1,11,1.9,7.6,7.8,11.6,272.2,97.7,68.4,21,147,3.6,7.12,7.26,23.4,35.6
18,BradTo00,Tom Brady,NWE,42,QB,16,16,12-4-0,373,613,60.8,4057,24,3.9,8,1.3,6.6,6.8,10.9,253.6,88.0,55.7,27,185,4.2,6.05,6.24,23.3,38.3
19,BradTo00,Tom Brady,TAM,43,QB,16,16,11-5-0,401,610,65.7,4633,40,6.6,12,2.0,7.6,8.0,11.6,289.6,102.2,66.0,21,143,3.3,7.12,7.53,25.1,38.1
20,BradTo00,Tom Brady*,,44,QB,17,17,13-4-0,485,719,67.5,5316,43,6.0,12,1.7,7.4,7.8,11.0,312.7,102.1,68.1,22,144,3.0,6.98,7.41,28.5,42.3
21,BridTe00,Teddy Bridgewater,MIN,22,QB,13,12,6-6-0,259,402,64.4,2919,14,3.5,12,3.0,7.3,6.6,11.3,224.5,85.2,54.4,39,249,8.8,6.05,5.46,19.9,30.9
22,BridTe00,Teddy Bridgewater*,MIN,23,QB,16,16,11-5-0,292,447,65.3,3231,14,3.1,9,2.0,7.2,6.9,11.1,201.9,88.7,57.7,44,307,9.0,5.96,5.7,18.2,27.9
23,BridTe00,Teddy Bridgewater,MIN,25,QB,1,0,0,0,2,0.0,0,0,0.0,1,50.0,0.0,-22.5,0,0.0,0.0,0.0,0,0,0.0,0.0,-22.5,0.0,2.0
24,BridTe00,Teddy Bridgewater,NOR,26,QB,5,1,0-1-0,14,23,60.9,118,1,4.3,1,4.3,5.1,4.0,8.4,23.6,70.6,31.3,2,8,8.0,4.4,3.4,2.8,4.6
25,BridTe00,Teddy Bridgewater,NOR,27,QB,9,5,5-0-0,133,196,67.9,1384,9,4.6,2,1.0,7.1,7.5,10.4,153.8,99.1,50.9,12,89,5.8,6.23,6.66,14.8,21.8
26,BridTe00,Teddy Bridgewater,CAR,28,QB,15,15,4-11-0,340,492,69.1,3733,15,3.0,11,2.2,7.6,7.2,11.0,248.9,92.1,56.8,31,205,5.9,6.75,6.37,22.7,32.8
27,BridTe00,Teddy Bridgewater,,29,QB,14,14,7-7-0,285,426,66.9,3052,18,4.2,7,1.6,7.2,7.3,10.7,218.0,94.9,47.4,31,211,6.8,6.22,6.32,20.4,30.4
28,BrisJa00,Jacoby Brissett,NWE,24,QB,3,2,1-1-0,34,55,61.8,400,0,0.0,0,0.0,7.3,7.3,11.8,133.3,83.9,40.2,6,46,9.8,5.8,5.8,11.3,18.3
29,BrisJa00,Jacoby Brissett,IND,25,QB,16,15,4-11-0,276,469,58.8,3098,13,2.8,7,1.5,6.6,6.5,11.2,193.6,81.7,43.3,52,305,10.0,5.36,5.26,17.2,29.3
30,BrisJa00,Jacoby Brissett,IND,26,QB,4,0,0,2,4,50.0,2,0,0.0,0,0.0,0.5,0.5,1.0,0.5,56.2,100.0,0,0,0.0,0.5,0.5,0.5,1.0
31,BrisJa00,Jacoby Brissett,IND,27,QB,15,15,7-8-0,272,447,60.9,2942,18,4.0,6,1.3,6.6,6.8,10.8,196.1,88.0,52.1,27,159,5.7,5.87,6.06,18.1,29.8
32,BrisJa00,Jacoby Brissett,IND,28,QB,11,0,0,2,8,25.0,17,0,0.0,0,0.0,2.1,2.1,8.5,1.5,39.6,58.3,2,15,20.0,0.2,0.2,0.2,0.7
33,BrisJa00,Jacoby Brissett,,29,QB,11,5,2-3-0,141,225,62.7,1283,5,2.2,4,1.8,5.7,5.3,9.1,116.6,78.1,48.2,19,132,7.8,4.72,4.39,12.8,20.5
34,BurrJo01,Joe Burrow,CIN,24,QB,10,10,2-7-1,264,404,65.3,2688,13,3.2,5,1.2,6.7,6.7,10.2,268.8,89.8,48.5,32,231,7.3,5.64,5.72,26.4,40.4
35,BurrJo01,Joe Burrow,,25,QB,16,16,10-6-0,366,520,70.4,4611,34,6.5,14,2.7,8.9,9.0,12.6,288.2,108.3,54.3,51,370,8.9,7.43,7.51,22.9,32.5
36,CarrDe02,Derek Carr,OAK,23,QB,16,16,3-13-0,348,599,58.1,3270,21,3.5,12,2.0,5.5,5.3,9.4,204.4,76.6,40.1,24,149,3.9,5.01,4.82,21.8,37.4
37,CarrDe02,Derek Carr*,OAK,24,QB,16,16,7-9-0,350,573,61.1,3987,32,5.6,13,2.3,7.0,7.1,11.4,249.2,91.1,43.1,31,230,5.1,6.22,6.31,21.9,35.8
38,CarrDe02,Derek Carr*,OAK,25,QB,15,15,12-3-0,357,560,63.8,3937,28,5.0,6,1.1,7.0,7.5,11.0,262.5,96.7,56.1,16,79,2.8,6.7,7.2,23.8,37.3
39,CarrDe02,Derek Carr*,OAK,26,QB,15,15,6-9-0,323,515,62.7,3496,22,4.3,13,2.5,6.8,6.5,10.8,233.1,86.4,50.5,20,101,3.7,6.35,6.07,21.5,34.3
40,CarrDe02,Derek Carr,OAK,27,QB,16,16,4-12-0,381,553,68.9,4049,19,3.4,10,1.8,7.3,7.2,10.6,253.1,93.9,46.5,51,299,8.4,6.21,6.09,23.8,34.6
41,CarrDe02,Derek Carr,OAK,28,QB,16,16,7-9-0,361,513,70.4,4054,21,4.1,8,1.6,7.9,8.0,11.2,253.4,100.8,64.1,29,184,5.4,7.14,7.25,22.6,32.1
42,CarrDe02,Derek Carr,LVR,29,QB,16,16,8-8-0,348,517,67.3,4103,27,5.2,9,1.7,7.9,8.2,11.8,256.4,101.4,64.3,26,150,4.8,7.28,7.53,21.8,32.3
43,CarrDe02,Derek Carr,,30,QB,17,17,10-7-0,428,626,68.4,4804,23,3.7,14,2.2,7.7,7.4,11.2,282.6,94.0,52.4,40,241,6.0,6.85,6.6,25.2,36.8
44,CousKi00,Kirk Cousins,WAS,24,QB,3,1,1-0-0,33,48,68.8,466,4,8.3,3,6.3,9.7,8.6,14.1,155.3,101.6,77.7,3,27,5.9,8.61,7.53,11.0,16.0
45,CousKi00,Kirk Cousins,WAS,25,QB,5,3,0-3-0,81,155,52.3,854,4,2.6,7,4.5,5.5,4.0,10.5,170.8,58.4,36.5,5,32,3.1,5.14,3.67,16.2,31.0
46,CousKi00,Kirk Cousins,WAS,26,QB,6,5,1-4-0,126,204,61.8,1710,10,4.9,9,4.4,8.4,7.4,13.6,285.0,86.4,52.0,8,70,3.8,7.74,6.77,21.0,34.0
47,CousKi00,Kirk Cousins,WAS,27,QB,16,16,9-7-0,379,543,69.8,4166,29,5.3,11,2.0,7.7,7.8,11.0,260.4,101.6,67.8,26,186,4.6,6.99,7.14,23.7,33.9
48,CousKi00,Kirk Cousins*,WAS,28,QB,16,16,8-7-1,406,606,67.0,4917,25,4.1,12,2.0,8.1,8.0,12.1,307.3,97.2,66.5,23,190,3.7,7.52,7.45,25.4,37.9
49,CousKi00,Kirk Cousins,WAS,29,QB,16,16,7-9-0,347,540,64.3,4093,27,5.0,13,2.4,7.6,7.5,11.8,255.8,93.9,56.0,41,342,7.1,6.46,6.38,21.7,33.8
50,CousKi00,Kirk Cousins,MIN,30,QB,16,16,8-7-1,425,606,70.1,4298,30,5.0,10,1.7,7.1,7.3,10.1,268.6,99.7,59.5,40,262,6.2,6.25,6.48,26.6,37.9
51,CousKi00,Kirk Cousins*,MIN,31,QB,15,15,10-5-0,307,444,69.1,3603,26,5.9,6,1.4,8.1,8.7,11.7,240.2,107.4,60.4,28,206,5.9,7.2,7.73,20.5,29.6
52,CousKi00,Kirk Cousins,MIN,32,QB,16,16,7-9-0,349,516,67.6,4265,35,6.8,13,2.5,8.3,8.5,12.2,266.6,105.0,55.8,39,256,7.0,7.22,7.43,21.8,32.2
53,CousKi00,Kirk Cousins*,,33,QB,16,16,8-8-0,372,561,66.3,4221,33,5.9,7,1.2,7.5,8.1,11.3,263.8,103.1,52.3,28,197,4.8,6.83,7.42,23.2,35.1
54,DaltAn00,Andy Dalton,CIN,25,QB,16,16,10-6-0,329,528,62.3,3669,27,5.1,16,3.0,6.9,6.6,11.2,229.3,87.4,47.7,46,229,8.0,5.99,5.68,20.6,33.0
55,DaltAn00,Andy Dalton,CIN,26,QB,16,16,11-5-0,363,586,61.9,4293,33,5.6,20,3.4,7.3,6.9,11.8,268.3,88.8,54.8,29,182,4.7,6.68,6.29,22.7,36.6
56,DaltAn00,Andy Dalton*,CIN,27,QB,16,16,10-5-1,309,481,64.2,3398,19,4.0,17,3.5,7.1,6.3,11.0,212.4,83.5,48.5,21,124,4.2,6.52,5.75,19.3,30.1
57,DaltAn00,Andy Dalton,CIN,28,QB,13,13,10-3-0,255,386,66.1,3250,25,6.5,7,1.8,8.4,8.9,12.7,250.0,106.2,72.5,20,118,4.9,7.71,8.17,19.6,29.7
58,DaltAn00,Andy Dalton*,CIN,29,QB,16,16,6-9-1,364,563,64.7,4206,18,3.2,8,1.4,7.5,7.5,11.6,262.9,91.8,52.3,41,264,6.8,6.53,6.53,22.8,35.2
59,DaltAn00,Andy Dalton,CIN,30,QB,16,16,7-9-0,297,496,59.9,3320,25,5.0,12,2.4,6.7,6.6,11.2,207.5,86.6,44.8,39,255,7.3,5.73,5.65,18.6,31.0
60,DaltAn00,Andy Dalton,CIN,31,QB,11,11,5-6-0,226,365,61.9,2566,21,5.8,11,3.0,7.0,6.8,11.4,233.3,89.6,59.4,21,157,5.4,6.24,6.05,20.5,33.2
61,DaltAn00,Andy Dalton,CIN,32,QB,13,13,2-11-0,314,528,59.5,3494,16,3.0,14,2.7,6.6,6.0,11.1,268.8,78.3,42.1,37,249,6.5,5.74,5.19,24.2,40.6
62,DaltAn00,Andy Dalton,DAL,33,QB,11,9,4-5-0,216,333,64.9,2170,14,4.2,8,2.4,6.5,6.3,10.0,197.3,87.3,46.1,24,184,6.7,5.56,5.34,19.6,30.3
63,DaltAn00,Andy Dalton,,34,QB,8,6,3-3-0,149,236,63.1,1515,8,3.4,9,3.8,6.4,5.4,10.2,189.4,76.9,33.6,18,143,7.1,5.4,4.44,18.6,29.5
64,DaniCh00,Chase Daniel,NOR,26,QB,16,0,0,1,1,100.0,10,0,0.0,0,0.0,10.0,10.0,10.0,0.6,108.3,99.9,0,0,0.0,10.0,10.0,0.1,0.1
65,DaniCh00,Chase Daniel,KAN,27,QB,5,1,0-1-0,25,38,65.8,248,1,2.6,1,2.6,6.5,5.9,9.9,49.6,81.9,70.0,2,11,5.0,5.93,5.3,5.0,7.6
66,DaniCh00,Chase Daniel,KAN,28,QB,3,1,1-0-0,16,28,57.1,157,0,0.0,0,0.0,5.6,5.6,9.8,52.3,73.1,30.0,4,17,12.5,4.38,4.38,5.3,9.3
67,DaniCh00,Chase Daniel,KAN,29,QB,2,0,0,2,2,100.0,4,0,0.0,0,0.0,2.0,2.0,2.0,2.0,79.2,92.4,0,0,0.0,2.0,2.0,1.0,1.0
68,DaniCh00,Chase Daniel,PHI,30,QB,1,0,0,1,1,100.0,16,0,0.0,0,0.0,16.0,16.0,16.0,16.0,118.7,99.5,0,0,0.0,16.0,16.0,1.0,1.0
69,DaniCh00,Chase Daniel,CHI,32,QB,5,2,1-1-0,53,76,69.7,515,3,3.9,2,2.6,6.8,6.4,9.7,103.0,90.6,27.5,9,40,10.6,5.59,5.24,10.6,15.2
70,DaniCh00,Chase Daniel,CHI,33,QB,3,1,0-1-0,45,64,70.3,435,3,4.7,2,3.1,6.8,6.3,9.7,145.0,91.6,59.6,7,48,9.9,5.45,5.03,15.0,21.3
71,DaniCh00,Chase Daniel,DET,34,QB,4,0,0,29,43,67.4,264,1,2.3,2,4.7,6.1,4.5,9.1,66.0,72.2,15.9,3,29,6.5,5.11,3.59,7.2,10.8
72,DarnSa00,Sam Darnold,NYJ,21,QB,13,13,4-9-0,239,414,57.7,2865,17,4.1,15,3.6,6.9,6.1,12.0,220.4,77.6,45.9,30,204,6.8,5.99,5.24,18.4,31.8
73,DarnSa00,Sam Darnold,NYJ,22,QB,13,13,7-6-0,273,441,61.9,3024,19,4.3,13,2.9,6.9,6.4,11.1,232.6,84.3,45.6,33,212,7.0,5.93,5.5,21.0,33.9
74,DarnSa00,Sam Darnold,NYJ,23,QB,12,12,2-10-0,217,364,59.6,2208,9,2.5,11,3.0,6.1,5.2,10.2,184.0,72.7,32.9,35,234,8.8,4.95,4.16,18.1,30.3
75,DarnSa00,Sam Darnold,,24,QB,12,11,4-7-0,243,406,59.9,2527,9,2.2,13,3.2,6.2,5.2,10.4,210.6,71.9,33.2,35,204,7.9,5.27,4.35,20.2,33.8
76,EasoJa00,Jacob Eason,,24,QB,1,0,0,2,5,40.0,25,0,0.0,1,20.0,5.0,-4.0,12.5,25.0,16.7,0.1,0,0,0.0,5.0,-4.0,2.0,5.0
77,FielJu00,Justin Fields,,22,QB,12,10,2-8-0,159,270,58.9,1870,7,2.6,10,3.7,6.9,5.8,11.8,155.8,73.2,26.4,36,264,11.8,5.25,4.24,13.2,22.5
78,FlacJo00,Joe Flacco,BAL,27,QB,16,16,10-6-0,317,531,59.7,3817,22,4.1,10,1.9,7.2,7.2,12.0,238.6,87.7,51.1,35,227,6.2,6.34,6.33,19.8,33.2
79,FlacJo00,Joe Flacco,BAL,28,QB,16,16,8-8-0,362,614,59.0,3912,19,3.1,22,3.6,6.4,5.4,10.8,244.5,73.1,48.0,48,324,7.3,5.42,4.5,22.6,38.4
80,FlacJo00,Joe Flacco,BAL,29,QB,16,16,10-6-0,344,554,62.1,3986,27,4.9,12,2.2,7.2,7.2,11.6,249.1,91.0,68.2,19,167,3.3,6.66,6.66,21.5,34.6
81,FlacJo00,Joe Flacco,BAL,30,QB,10,10,3-7-0,266,413,64.4,2791,14,3.4,12,2.9,6.8,6.1,10.5,279.1,83.1,50.8,16,124,3.7,6.22,5.61,26.6,41.3
82,FlacJo00,Joe Flacco,BAL,31,QB,16,16,8-8-0,436,672,64.9,4317,20,3.0,15,2.2,6.4,6.0,9.9,269.8,83.5,52.5,33,243,4.7,5.78,5.39,27.2,42.0
83,FlacJo00,Joe Flacco,BAL,32,QB,16,16,9-7-0,352,549,64.1,3141,18,3.3,13,2.4,5.7,5.3,8.9,196.3,80.4,46.7,27,205,4.7,5.1,4.71,22.0,34.3
84,FlacJo00,Joe Flacco,BAL,33,QB,9,9,4-5-0,232,379,61.2,2465,12,3.2,6,1.6,6.5,6.4,10.6,273.9,84.2,54.8,16,79,4.1,6.04,5.96,25.8,42.1
85,FlacJo00,Joe Flacco,DEN,34,QB,8,8,2-6-0,171,262,65.3,1822,6,2.3,5,1.9,7.0,6.6,10.7,227.8,85.1,50.8,26,194,9.0,5.65,5.29,21.4,32.8
86,FlacJo00,Joe Flacco,NYJ,35,QB,5,4,0-4-0,74,134,55.2,864,6,4.5,3,2.2,6.4,6.3,11.7,172.8,80.6,50.3,7,69,5.0,5.64,5.53,14.8,26.8
87,FlacJo00,Joe Flacco,,36,QB,2,1,0-1-0,27,42,64.3,338,3,7.1,0,0.0,8.0,9.5,12.5,169.0,113.0,43.5,2,13,4.5,7.39,8.75,13.5,21.0
88,GaroJi00,Jimmy Garoppolo,NWE,23,QB,6,0,0,19,27,70.4,182,1,3.7,0,0.0,6.7,7.5,9.6,30.3,101.2,15.1,5,36,15.6,4.56,5.19,3.2,4.5
89,GaroJi00,Jimmy Garoppolo,NWE,24,QB,5,0,0,1,4,25.0,6,0,0.0,0,0.0,1.5,1.5,6.0,1.2,39.6,8.1,0,0,0.0,1.5,1.5,0.2,0.8
90,GaroJi00,Jimmy Garoppolo,NWE,25,QB,6,2,2-0-0,43,63,68.3,502,4,6.3,0,0.0,8.0,9.2,11.7,83.7,113.3,87.5,3,15,4.5,7.38,8.59,7.2,10.5
91,GaroJi00,Jimmy Garoppolo,SFO,26,QB,6,5,5-0-0,120,178,67.4,1560,7,3.9,5,2.8,8.8,8.3,13.0,260.0,96.2,82.7,8,57,4.3,8.08,7.62,20.0,29.7
92,GaroJi00,Jimmy Garoppolo,SFO,27,QB,3,3,1-2-0,53,89,59.6,718,5,5.6,3,3.4,8.1,7.7,13.5,239.3,90.0,27.5,13,97,12.7,6.09,5.75,17.7,29.7
93,GaroJi00,Jimmy Garoppolo,SFO,28,QB,16,16,13-3-0,329,476,69.1,3978,27,5.7,13,2.7,8.4,8.3,12.1,248.6,102.0,60.8,36,237,7.0,7.31,7.22,20.6,29.8
94,GaroJi00,Jimmy Garoppolo,SFO,29,QB,6,6,3-3-0,94,140,67.1,1096,7,5.0,5,3.6,7.8,7.2,11.7,182.7,92.4,54.0,11,77,7.3,6.75,6.19,15.7,23.3
95,GaroJi00,Jimmy Garoppolo,,30,QB,15,15,9-6-0,301,441,68.3,3810,20,4.5,12,2.7,8.6,8.3,12.7,254.0,98.7,53.3,29,201,6.2,7.68,7.38,20.1,29.4
96,GoffJa00,Jared Goff,LAR,22,QB,7,7,0-7-0,112,205,54.6,1089,5,2.4,7,3.4,5.3,4.3,9.7,155.6,63.6,18.3,26,222,11.3,3.75,2.82,16.0,29.3
97,GoffJa00,Jared Goff*,LAR,23,QB,15,15,11-4-0,296,477,62.1,3804,28,5.9,7,1.5,8.0,8.5,12.9,253.6,100.5,55.7,25,172,5.0,7.24,7.72,19.7,31.8
98,GoffJa00,Jared Goff*,LAR,24,QB,16,16,13-3-0,364,561,64.9,4688,32,5.7,12,2.1,8.4,8.5,12.9,293.0,101.1,63.6,33,223,5.6,7.52,7.69,22.8,35.1
99,GoffJa00,Jared Goff,LAR,25,QB,16,16,9-7-0,394,626,62.9,4638,22,3.5,16,2.6,7.4,7.0,11.8,289.9,86.5,50.6,22,170,3.4,6.9,6.46,24.6,39.1
100,GoffJa00,Jared Goff,LAR,26,QB,15,15,9-6-0,370,552,67.0,3952,20,3.6,13,2.4,7.2,6.8,10.7,263.5,90.0,50.8,23,161,4.0,6.59,6.27,24.7,36.8
101,GoffJa00,Jared Goff,,27,QB,14,14,3-10-1,332,494,67.2,3245,19,3.8,8,1.6,6.6,6.6,9.8,231.8,91.5,39.5,35,280,6.6,5.6,5.64,23.7,35.3
102,HeinTa00,Taylor Heinicke,HOU,24,QB,1,0,0,1,1,100.0,10,0,0.0,0,0.0,10.0,10.0,10.0,10.0,108.3,1.3,1,16,50.0,-3.0,-3.0,1.0,1.0
103,HeinTa00,Taylor Heinicke,CAR,25,QB,6,1,0-1-0,35,57,61.4,320,1,1.8,3,5.3,5.6,3.6,9.1,53.3,60.6,18.3,2,17,3.4,5.14,3.19,5.8,9.5
104,HeinTa00,Taylor Heinicke,WAS,27,QB,1,0,0,12,19,63.2,137,1,5.3,0,0.0,7.2,8.3,11.4,137.0,102.3,40.7,1,7,5.0,6.5,7.5,12.0,19.0
105,HeinTa00,Taylor Heinicke,,28,QB,16,15,7-8-0,321,494,65.0,3419,20,4.0,15,3.0,6.9,6.4,10.7,213.7,85.9,39.9,38,278,7.1,5.9,5.39,20.1,30.9
106,HennCh01,Chad Henne,JAX,27,QB,10,6,1-5-0,166,308,53.9,2084,11,3.6,11,3.6,6.8,5.9,12.6,208.4,72.2,27.7,28,169,8.3,5.7,4.88,16.6,30.8
107,HennCh01,Chad Henne,JAX,28,QB,15,13,4-9-0,305,503,60.6,3241,13,2.6,14,2.8,6.4,5.7,10.6,216.1,76.5,34.9,38,243,7.0,5.54,4.86,20.3,33.5
108,HennCh01,Chad Henne,JAX,29,QB,3,3,0-3-0,42,78,53.8,492,3,3.8,1,1.3,6.3,6.5,11.7,164.0,80.7,26.2,16,105,17.0,4.12,4.28,14.0,26.0
109,HennCh01,Chad Henne,JAX,32,QB,2,0,0,0,2,0.0,0,0,0.0,0,0.0,0.0,0.0,0,0.0,39.6,3.6,0,0,0.0,0.0,0.0,0.0,1.0
110,HennCh01,Chad Henne,KAN,33,QB,1,0,0,2,3,66.7,29,0,0.0,0,0.0,9.7,9.7,14.5,29.0,97.9,69.6,0,0,0.0,9.67,9.67,2.0,3.0
111,HennCh01,Chad Henne,KAN,35,QB,3,1,0-1-0,28,38,73.7,248,2,5.3,0,0.0,6.5,7.6,8.9,82.7,108.2,26.3,2,4,5.0,6.1,7.1,9.3,12.7
112,HennCh01,Chad Henne,KAN,36,QB,4,0,0,11,16,68.8,82,0,0.0,0,0.0,5.1,5.1,7.5,20.5,80.7,69.2,0,0,0.0,5.13,5.13,2.8,4.0
113,HerbJu00,Justin Herbert,LAC,22,QB,15,15,6-9-0,396,595,66.6,4336,31,5.2,10,1.7,7.3,7.6,10.9,289.1,98.3,62.6,32,218,5.1,6.57,6.84,26.4,39.7
114,HerbJu00,Justin Herbert*,,23,QB,17,17,9-8-0,443,672,65.9,5014,38,5.7,15,2.2,7.5,7.6,11.3,294.9,97.7,65.6,31,214,4.4,6.83,6.95,26.1,39.5
115,HoyeBr00,Brian Hoyer,ARI,27,QB,2,1,0-1-0,30,53,56.6,330,1,1.9,2,3.8,6.2,4.9,11.0,165.0,65.8,28.7,4,30,7.0,5.26,4.04,15.0,26.5
116,HoyeBr00,Brian Hoyer,CLE,28,QB,3,3,3-0-0,57,96,59.4,615,5,5.2,3,3.1,6.4,6.0,10.8,205.0,82.6,51.1,6,48,5.9,5.56,5.22,19.0,32.0
117,HoyeBr00,Brian Hoyer,CLE,29,QB,14,13,7-6-0,242,438,55.3,3326,12,2.7,13,3.0,7.6,6.8,13.7,237.6,76.5,38.4,24,160,5.2,6.85,6.11,17.3,31.3
118,HoyeBr00,Brian Hoyer,HOU,30,QB,11,9,5-4-0,224,369,60.7,2606,19,5.1,7,1.9,7.1,7.2,11.6,236.9,91.4,52.8,25,185,6.3,6.14,6.31,20.4,33.5
119,HoyeBr00,Brian Hoyer,CHI,31,QB,6,5,1-4-0,134,200,67.0,1445,6,3.0,0,0.0,7.2,7.8,10.8,240.8,98.0,55.1,4,18,2.0,7.0,7.58,22.3,33.3
120,HoyeBr00,Brian Hoyer,2TM,32,QB,11,6,0-6-0,123,211,58.3,1287,4,1.9,4,1.9,6.1,5.6,10.5,117.0,74.5,50,16,112,7.0,5.18,4.74,11.2,19.2
121,HoyeBr00,Brian Hoyer,NWE,33,QB,5,0,0,1,2,50.0,7,0,0.0,0,0.0,3.5,3.5,7.0,1.4,58.3,0.5,0,0,0.0,3.5,3.5,0.2,0.4
122,HoyeBr00,Brian Hoyer,IND,34,QB,4,1,0-1-0,35,65,53.8,372,4,6.2,4,6.2,5.7,4.2,10.6,93.0,65.7,17.4,5,47,7.1,4.64,3.21,8.8,16.2
123,HoyeBr00,Brian Hoyer,NWE,35,QB,1,1,0-1-0,15,24,62.5,130,0,0.0,1,4.2,5.4,3.5,8.7,130.0,59.4,22.4,2,18,7.7,4.31,2.58,15.0,24.0
124,HoyeBr00,Brian Hoyer,,36,QB,5,0,0,9,11,81.8,227,1,9.1,0,0.0,20.6,22.5,25.2,45.4,149.1,97.4,0,0,0.0,20.64,22.45,1.8,2.2
125,HurtJa00,Jalen Hurts,PHI,22,QB,15,4,1-3-0,77,148,52.0,1061,6,4.1,4,2.7,7.2,6.8,13.8,70.7,77.6,33.8,13,59,8.1,6.22,5.85,5.1,9.9
126,HurtJa00,Jalen Hurts,,23,QB,15,15,8-7-0,265,432,61.3,3144,16,3.7,9,2.1,7.3,7.1,11.9,209.6,87.2,48.5,26,150,5.7,6.54,6.35,17.7,28.8
127,JackLa00,Lamar Jackson,BAL,21,QB,16,7,6-1-0,99,170,58.2,1201,6,3.5,3,1.8,7.1,7.0,12.1,75.1,84.5,42.6,16,71,8.6,6.08,5.99,6.2,10.6
128,JackLa00,Lamar Jackson*+,BAL,22,QB,15,15,13-2-0,265,401,66.1,3127,36,9.0,6,1.5,7.8,8.9,11.8,208.5,113.3,83.0,23,106,5.4,7.13,8.19,17.7,26.7
129,JackLa00,Lamar Jackson,BAL,23,QB,15,15,11-4-0,242,376,64.4,2757,26,6.9,9,2.4,7.3,7.6,11.4,183.8,99.3,67.3,29,160,7.2,6.41,6.7,16.1,25.1
130,JackLa00,Lamar Jackson*,,24,QB,12,12,7-5-0,246,382,64.4,2882,16,4.2,13,3.4,7.5,6.9,11.7,240.2,87.0,50.7,38,190,9.0,6.41,5.78,20.5,31.8
131,JoneDa05,Daniel Jones,NYG,22,QB,13,12,3-9-0,284,459,61.9,3027,24,5.2,12,2.6,6.6,6.5,10.7,232.8,87.7,55.7,38,295,7.6,5.5,5.38,21.8,35.3
132,JoneDa05,Daniel Jones,NYG,23,QB,14,14,5-9-0,280,448,62.5,2943,11,2.5,10,2.2,6.6,6.1,10.5,210.2,80.4,54.0,45,286,9.1,5.39,4.92,20.0,32.0
133,JoneDa05,Daniel Jones,,24,QB,11,11,4-7-0,232,361,64.3,2428,10,2.8,7,1.9,6.7,6.4,10.5,220.7,84.8,41.5,22,160,5.7,5.92,5.62,21.1,32.8
134,JoneMa05,Mac Jones*,,23,QB,17,17,10-7-0,352,521,67.6,3801,22,4.2,13,2.5,7.3,7.0,10.8,223.6,92.5,50.9,28,241,5.1,6.48,6.22,20.7,30.6
135,KeenCa00,Case Keenum,HOU,25,QB,8,8,0-8-0,137,253,54.2,1760,9,3.6,6,2.4,7.0,6.6,12.8,220.0,78.2,48.6,19,201,7.0,5.73,5.4,17.1,31.6
136,KeenCa00,Case Keenum,HOU,26,QB,2,2,2-0-0,45,77,58.4,435,2,2.6,2,2.6,5.6,5.0,9.7,217.5,72.2,40,3,15,3.8,5.25,4.63,22.5,38.5
137,KeenCa00,Case Keenum,STL,27,QB,6,5,3-2-0,76,125,60.8,828,4,3.2,1,0.8,6.6,6.9,10.9,138.0,87.7,34.8,4,28,3.1,6.2,6.47,12.7,20.8
138,KeenCa00,Case Keenum,LAR,28,QB,10,9,4-5-0,196,322,60.9,2201,9,2.8,11,3.4,6.8,5.9,11.2,220.1,76.4,37.5,23,140,6.7,5.97,5.06,19.6,32.2
139,KeenCa00,Case Keenum,MIN,29,QB,15,14,11-3-0,325,481,67.6,3547,22,4.6,7,1.5,7.4,7.6,10.9,236.5,98.3,72.8,22,136,4.4,6.78,7.03,21.7,32.1
140,KeenCa00,Case Keenum,DEN,30,QB,16,16,6-10-0,365,586,62.3,3890,18,3.1,15,2.6,6.6,6.1,10.7,243.1,81.2,44.5,34,235,5.5,5.9,5.39,22.8,36.6
141,KeenCa00,Case Keenum,WAS,31,QB,10,8,1-7-0,160,247,64.8,1707,11,4.5,5,2.0,6.9,6.9,10.7,170.7,91.3,45.6,15,145,5.7,5.96,5.94,16.0,24.7
142,KeenCa00,Case Keenum,CLE,32,QB,2,0,0,5,10,50.0,46,0,0.0,0,0.0,4.6,4.6,9.2,23.0,62.9,34.7,0,0,0.0,4.6,4.6,2.5,5.0
143,KeenCa00,Case Keenum,,33,QB,7,2,2-0-0,47,72,65.3,462,3,4.2,1,1.4,6.4,6.6,9.8,66.0,91.3,36.9,5,29,6.5,5.62,5.82,6.7,10.3
144,LancTr00,Trey Lance,,21,QB,6,2,1-1-0,41,71,57.7,603,5,7.0,2,2.8,8.5,8.6,14.7,100.5,97.3,33.4,4,15,5.3,7.84,7.97,6.8,11.8
145,LawrTr00,Trevor Lawrence,,22,QB,17,17,3-14-0,359,602,59.6,3641,12,2.0,17,2.8,6.0,5.2,10.1,214.2,71.9,33.5,32,238,5.0,5.37,4.54,21.1,35.4
146,LoveJo03,Jordan Love,,23,QB,6,1,0-1-0,36,62,58.1,411,2,3.2,3,4.8,6.6,5.1,11.4,68.5,68.7,31.4,3,23,4.6,5.97,4.51,6.0,10.3
147,MahoPa00,Patrick Mahomes,KAN,22,QB,1,1,1-0-0,22,35,62.9,284,0,0.0,1,2.9,8.1,6.8,12.9,284.0,76.4,68.2,2,15,5.4,7.27,6.05,22.0,35.0
148,MahoPa00,Patrick Mahomes*+,KAN,23,QB,16,16,12-4-0,383,580,66.0,5097,50,8.6,12,2.1,8.8,9.6,13.3,318.6,113.8,80.3,26,171,4.3,8.13,8.89,23.9,36.2
149,MahoPa00,Patrick Mahomes*,KAN,24,QB,14,14,11-3-0,319,484,65.9,4031,26,5.4,5,1.0,8.3,8.9,12.6,287.9,105.3,77.7,17,127,3.4,7.79,8.38,22.8,34.6
150,MahoPa00,Patrick Mahomes*,KAN,25,QB,15,15,14-1-0,390,588,66.3,4740,38,6.5,6,1.0,8.1,8.9,12.2,316.0,108.2,78.1,22,147,3.6,7.53,8.33,26.0,39.2
151,MahoPa00,Patrick Mahomes*,,26,QB,17,17,12-5-0,436,658,66.3,4839,37,5.6,13,2.0,7.4,7.6,11.1,284.6,98.5,62.2,28,146,4.1,6.84,7.07,25.6,38.7
152,MariMa01,Marcus Mariota,TEN,22,QB,12,12,3-9-0,230,370,62.2,2818,19,5.1,10,2.7,7.6,7.4,12.3,234.8,91.5,48.4,38,258,9.3,6.27,6.1,19.2,30.8
153,MariMa01,Marcus Mariota,TEN,23,QB,15,15,8-7-0,276,451,61.2,3426,26,5.8,9,2.0,7.6,7.9,12.4,228.4,95.6,59.1,23,156,4.9,6.9,7.14,18.4,30.1
154,MariMa01,Marcus Mariota,TEN,24,QB,15,15,9-6-0,281,453,62.0,3232,13,2.9,15,3.3,7.1,6.2,11.5,215.5,79.3,58.6,27,173,5.6,6.37,5.51,18.7,30.2
155,MariMa01,Marcus Mariota,TEN,25,QB,14,13,7-6-0,228,331,68.9,2528,11,3.3,8,2.4,7.6,7.2,11.1,180.6,92.3,53.2,42,243,11.3,6.13,5.75,16.3,23.6
156,MariMa01,Marcus Mariota,TEN,26,QB,7,6,2-4-0,95,160,59.4,1203,7,4.4,2,1.3,7.5,7.8,12.7,171.9,92.3,35.5,25,162,13.5,5.63,5.9,13.6,22.9
157,MariMa01,Marcus Mariota,LVR,27,QB,1,0,0,17,28,60.7,226,1,3.6,1,3.6,8.1,7.2,13.3,226.0,83.3,97.4,0,0,0.0,8.07,7.18,17.0,28.0
158,MariMa01,Marcus Mariota,,28,QB,10,0,0,1,2,50.0,4,0,0.0,0,0.0,2.0,2.0,4.0,0.4,56.2,40.3,0,0,0.0,2.0,2.0,0.1,0.2
159,MayfBa00,Baker Mayfield,CLE,23,QB,14,13,6-7-0,310,486,63.8,3725,27,5.6,14,2.9,7.7,7.5,12.0,266.1,93.7,51.2,25,173,4.9,6.95,6.77,22.1,34.7
160,MayfBa00,Baker Mayfield,CLE,24,QB,16,16,6-10-0,317,534,59.4,3827,22,4.1,21,3.9,7.2,6.2,12.1,239.2,78.8,54.4,40,285,7.0,6.17,5.29,19.8,33.4
161,MayfBa00,Baker Mayfield,CLE,25,QB,16,16,11-5-0,305,486,62.8,3563,26,5.3,8,1.6,7.3,7.7,11.7,222.7,95.9,65.5,26,162,5.1,6.64,6.96,19.1,30.4
162,MayfBa00,Baker Mayfield,,26,QB,14,14,6-8-0,253,418,60.5,3010,17,4.1,13,3.1,7.2,6.6,11.9,215.0,83.1,35.1,43,269,9.3,5.95,5.41,18.1,29.9
163,McCoCo00,Colt McCoy,CLE,26,QB,3,0,0,9,17,52.9,79,1,5.9,0,0.0,4.6,5.8,8.8,26.3,85.2,17.8,4,25,19.0,2.57,3.52,3.0,5.7
164,McCoCo00,Colt McCoy,SFO,27,QB,4,0,0,1,1,100.0,13,0,0.0,0,0.0,13.0,13.0,13.0,3.3,118.7,4.1,0,0,0.0,13.0,13.0,0.2,0.2
165,McCoCo00,Colt McCoy,WAS,28,QB,5,4,1-3-0,91,128,71.1,1057,4,3.1,3,2.3,8.3,7.8,11.6,211.4,96.4,36.4,17,117,11.7,6.48,6.1,18.2,25.6
166,McCoCo00,Colt McCoy,WAS,29,QB,2,0,0,7,11,63.6,128,1,9.1,0,0.0,11.6,13.5,18.3,64.0,133.9,42.5,1,13,8.3,9.58,11.25,3.5,5.5
167,McCoCo00,Colt McCoy,WAS,32,QB,3,2,0-2-0,34,54,63.0,372,3,5.6,3,5.6,6.9,5.5,10.9,124.0,78.6,38.8,6,36,10.0,5.6,4.35,11.3,18.0
168,McCoCo00,Colt McCoy,WAS,33,QB,1,1,0-1-0,18,27,66.7,122,0,0.0,1,3.7,4.5,2.9,6.8,122.0,61.0,14.9,6,44,18.2,2.36,1.0,18.0,27.0
169,McCoCo00,Colt McCoy,NYG,34,QB,4,2,1-1-0,40,66,60.6,375,1,1.5,1,1.5,5.7,5.3,9.4,93.8,75.0,29.7,5,24,7.0,4.94,4.59,10.0,16.5
170,McCoCo00,Colt McCoy,,35,QB,8,3,2-1-0,74,99,74.7,740,3,3.0,1,1.0,7.5,7.6,10.0,92.5,101.4,54.5,6,40,5.7,6.67,6.81,9.2,12.4
171,McSoTr00,Trace McSorley,BAL,25,QB,2,0,0,3,10,30.0,90,1,10.0,0,0.0,9.0,11.0,30.0,45.0,97.9,28.9,0,0,0.0,9.0,11.0,1.5,5.0
172,MillDa02,Davis Mills,,23,QB,13,11,2-9-0,263,394,66.8,2664,16,4.1,10,2.5,6.8,6.4,10.1,204.9,88.8,35.5,31,206,7.3,5.78,5.48,20.2,30.3
173,MinsGa00,Gardner Minshew II,JAX,23,QB,14,12,6-6-0,285,470,60.6,3271,21,4.5,6,1.3,7.0,7.3,11.5,233.6,91.2,44.6,33,184,6.6,6.14,6.44,20.4,33.6
174,MinsGa00,Gardner Minshew II,JAX,24,QB,9,8,1-7-0,216,327,66.1,2259,16,4.9,5,1.5,6.9,7.2,10.5,251.0,95.9,44.0,27,147,7.6,5.97,6.23,24.0,36.3
175,MinsGa00,Gardner Minshew II,,25,QB,4,2,1-1-0,41,60,68.3,439,4,6.7,1,1.7,7.3,7.9,10.7,109.8,104.8,60.6,5,31,7.7,6.28,6.82,10.2,15.0
176,MullNi00,Nick Mullens,SFO,23,QB,8,8,3-5-0,176,274,64.2,2277,13,4.7,10,3.6,8.3,7.6,12.9,284.6,90.8,51.7,17,127,5.8,7.39,6.74,22.0,34.2
177,MullNi00,Nick Mullens,SFO,25,QB,10,8,2-6-0,211,326,64.7,2437,12,3.7,12,3.7,7.5,6.6,11.5,243.7,84.1,36.3,19,139,5.5,6.66,5.79,21.1,32.6
178,MullNi00,Nick Mullens,,26,QB,1,1,0-1-0,20,30,66.7,147,1,3.3,0,0.0,4.9,5.6,7.4,147.0,89.2,77.6,0,0,0.0,4.9,5.57,20.0,30.0
179,MurrKy00,Kyler Murray,ARI,22,QB,16,16,5-10-1,349,542,64.4,3722,20,3.7,12,2.2,6.9,6.6,10.7,232.6,87.4,57.7,48,309,8.1,5.78,5.55,21.8,33.9
180,MurrKy00,Kyler Murray*,ARI,23,QB,16,16,8-8-0,375,558,67.2,3971,26,4.7,12,2.2,7.1,7.1,10.6,248.2,94.3,61.9,27,176,4.6,6.49,6.45,23.4,34.9
181,MurrKy00,Kyler Murray*,,24,QB,14,14,9-5-0,333,481,69.2,3787,24,5.0,10,2.1,7.9,7.9,11.4,270.5,100.6,57.3,31,286,6.1,6.84,6.9,23.8,34.4
182,PresDa01,Dak Prescott*,DAL,23,QB,16,16,13-3-0,311,459,67.8,3667,23,5.0,4,0.9,8.0,8.6,11.8,229.2,104.9,77.6,25,143,5.2,7.28,7.86,19.4,28.7
183,PresDa01,Dak Prescott,DAL,24,QB,16,16,9-7-0,308,490,62.9,3324,22,4.5,13,2.7,6.8,6.5,10.8,207.8,86.6,69.9,32,185,6.1,6.01,5.74,19.2,30.6
184,PresDa01,Dak Prescott*,DAL,25,QB,16,16,10-6-0,356,526,67.7,3885,22,4.2,8,1.5,7.4,7.5,10.9,242.8,96.9,55.2,56,347,9.6,6.08,6.22,22.2,32.9
185,PresDa01,Dak Prescott,DAL,26,QB,16,16,8-8-0,388,596,65.1,4902,30,5.0,11,1.8,8.2,8.4,12.6,306.4,99.7,71.9,23,151,3.7,7.68,7.84,24.2,37.2
186,PresDa01,Dak Prescott,DAL,27,QB,5,5,2-3-0,151,222,68.0,1856,9,4.1,4,1.8,8.4,8.4,12.3,371.2,99.6,73.1,10,66,4.3,7.72,7.72,30.2,44.4
187,PresDa01,Dak Prescott,,28,QB,16,16,11-5-0,410,596,68.8,4449,37,6.2,10,1.7,7.5,8.0,10.9,278.1,104.2,54.6,30,144,4.8,6.88,7.34,25.6,37.2
188,RodgAa00,Aaron Rodgers*,GNB,29,QB,16,16,11-5-0,371,552,67.2,4295,39,7.1,8,1.4,7.8,8.5,11.6,268.4,108.0,71.2,51,293,8.5,6.64,7.33,23.2,34.5
189,RodgAa00,Aaron Rodgers,GNB,30,QB,9,9,6-3-0,193,290,66.6,2536,17,5.9,6,2.1,8.7,9.0,13.1,281.8,104.9,61.6,21,117,6.8,7.78,8.0,21.4,32.2
190,RodgAa00,Aaron Rodgers*+,GNB,31,QB,16,16,12-4-0,341,520,65.6,4381,38,7.3,5,1.0,8.4,9.5,12.8,273.8,112.2,78.3,28,174,5.1,7.68,8.65,21.3,32.5
191,RodgAa00,Aaron Rodgers*,GNB,32,QB,16,16,10-6-0,347,572,60.7,3821,31,5.4,8,1.4,6.7,7.1,11.0,238.8,92.7,60.0,46,314,7.4,5.67,6.1,21.7,35.8
192,RodgAa00,Aaron Rodgers*,GNB,33,QB,16,16,10-6-0,401,610,65.7,4428,40,6.6,7,1.1,7.3,8.1,11.0,276.8,104.2,72.4,35,246,5.4,6.48,7.24,25.1,38.1
193,RodgAa00,Aaron Rodgers,GNB,34,QB,7,7,4-3-0,154,238,64.7,1675,16,6.7,6,2.5,7.0,7.2,10.9,239.3,97.2,66.0,22,168,8.5,5.8,5.99,22.0,34.0
194,RodgAa00,Aaron Rodgers*,GNB,35,QB,16,16,6-9-1,372,597,62.3,4442,25,4.2,2,0.3,7.4,8.1,11.9,277.6,97.6,58.0,49,353,7.6,6.33,6.96,23.2,37.3
195,RodgAa00,Aaron Rodgers*,GNB,36,QB,16,16,13-3-0,353,569,62.0,4002,26,4.6,4,0.7,7.0,7.6,11.3,250.1,95.4,52.5,36,284,6.0,6.15,6.71,22.1,35.6
196,RodgAa00,Aaron Rodgers*+,GNB,37,QB,16,16,13-3-0,372,526,70.7,4299,48,9.1,5,1.0,8.2,9.6,11.6,268.7,121.5,79.8,20,182,3.7,7.54,8.89,23.2,32.9
197,RodgAa00,Aaron Rodgers*+,,38,QB,16,16,13-3-0,366,531,68.9,4115,37,7.0,4,0.8,7.7,8.8,11.2,257.2,111.9,69.1,30,188,5.3,7.0,8.0,22.9,33.2
198,RushCo00,Cooper Rush,DAL,24,QB,2,0,0,1,3,33.3,2,0,0.0,0,0.0,0.7,0.7,2.0,1.0,42.4,1.0,0,0,0.0,0.67,0.67,0.5,1.5
199,RushCo00,Cooper Rush,,28,QB,5,1,1-0-0,30,47,63.8,422,3,6.4,1,2.1,9.0,9.3,14.1,84.4,105.1,41.8,3,19,6.0,8.06,8.36,6.0,9.4
200,RyanMa00,Matt Ryan*,ATL,27,QB,16,16,13-3-0,422,615,68.6,4719,32,5.2,14,2.3,7.7,7.7,11.2,294.9,99.1,71.6,28,210,4.4,7.01,7.03,26.4,38.4
201,RyanMa00,Matt Ryan,ATL,28,QB,16,16,4-12-0,439,651,67.4,4515,26,4.0,17,2.6,6.9,6.6,10.3,282.2,89.6,67.5,44,298,6.3,6.07,5.72,27.4,40.7
202,RyanMa00,Matt Ryan*,ATL,29,QB,16,16,6-10-0,415,628,66.1,4694,28,4.5,14,2.2,7.5,7.4,11.3,293.4,93.9,68.4,31,205,4.7,6.81,6.71,25.9,39.2
203,RyanMa00,Matt Ryan,ATL,30,QB,16,16,8-8-0,407,614,66.3,4591,21,3.4,16,2.6,7.5,7.0,11.3,286.9,89.0,64.1,30,203,4.7,6.81,6.35,25.4,38.4
204,RyanMa00,Matt Ryan*+,ATL,31,QB,16,16,11-5-0,373,534,69.9,4944,38,7.1,7,1.3,9.3,10.1,13.3,309.0,117.1,79.6,37,235,6.5,8.25,9.03,23.3,33.4
205,RyanMa00,Matt Ryan,ATL,32,QB,16,16,10-6-0,342,529,64.7,4095,20,3.8,12,2.3,7.7,7.5,12.0,255.9,91.4,67.1,24,156,4.3,7.12,6.87,21.4,33.1
206,RyanMa00,Matt Ryan,ATL,33,QB,16,16,7-9-0,422,608,69.4,4924,35,5.8,7,1.2,8.1,8.7,11.7,307.8,108.1,65.7,42,296,6.5,7.12,7.71,26.4,38.0
207,RyanMa00,Matt Ryan,ATL,34,QB,15,15,7-8-0,408,616,66.2,4466,26,4.2,14,2.3,7.3,7.1,10.9,297.7,92.1,59.6,48,316,7.2,6.25,6.08,27.2,41.1
208,RyanMa00,Matt Ryan,ATL,35,QB,16,16,4-12-0,407,626,65.0,4581,26,4.2,11,1.8,7.3,7.4,11.3,286.3,93.3,59.8,41,257,6.1,6.48,6.52,25.4,39.1
209,RyanMa00,Matt Ryan,,36,QB,17,17,7-10-0,375,560,67.0,3968,20,3.6,12,2.1,7.1,6.8,10.6,233.4,90.4,46.1,40,274,6.7,6.16,5.92,22.1,32.9
210,RypiBr00,Brett Rypien,DEN,24,QB,3,1,1-0-0,27,40,67.5,295,2,5.0,4,10.0,7.4,3.9,10.9,98.3,66.1,50.3,1,0,2.4,7.2,3.78,9.0,13.3
211,RypiBr00,Brett Rypien,,25,QB,1,0,0,0,2,0.0,0,0,0.0,0,0.0,0.0,0.0,0,0.0,39.6,1.1,0,0,0.0,0.0,0.0,0.0,2.0
212,SiemTr00,Trevor Siemian,DEN,25,QB,14,14,8-6-0,289,486,59.5,3401,18,3.7,10,2.1,7.0,6.8,11.8,242.9,84.6,49.7,31,187,6.0,6.22,6.04,20.6,34.7
213,SiemTr00,Trevor Siemian,DEN,26,QB,11,10,5-5-0,206,349,59.0,2285,12,3.4,14,4.0,6.5,5.4,11.1,207.7,73.3,30.9,33,220,8.6,5.41,4.38,18.7,31.7
214,SiemTr00,Trevor Siemian,NYJ,28,QB,1,1,0-1-0,3,6,50.0,3,0,0.0,0,0.0,0.5,0.5,1.0,3.0,56.2,1.2,2,17,25.0,-1.75,-1.75,3.0,6.0
215,SiemTr00,Trevor Siemian,,30,QB,6,4,0-4-0,108,188,57.4,1154,11,5.9,3,1.6,6.1,6.6,10.7,192.3,88.4,35.5,9,64,4.6,5.53,5.96,18.0,31.3
216,SmitGe00,Geno Smith,NYJ,23,QB,16,16,8-8-0,247,443,55.8,3046,12,2.7,21,4.7,6.9,5.3,12.3,190.4,66.5,41.0,43,315,8.8,5.62,4.17,15.4,27.7
217,SmitGe00,Geno Smith,NYJ,24,QB,14,13,3-10-0,219,367,59.7,2525,13,3.5,13,3.5,6.9,6.0,11.5,180.4,77.5,45.9,28,175,7.1,5.95,5.13,15.6,26.2
218,SmitGe00,Geno Smith,NYJ,25,QB,1,0,0,27,42,64.3,265,2,4.8,1,2.4,6.3,6.2,9.8,265.0,87.9,56.9,3,19,6.7,5.47,5.36,27.0,42.0
219,SmitGe00,Geno Smith,NYJ,26,QB,2,1,1-0-0,8,14,57.1,126,1,7.1,1,7.1,9.0,7.2,15.8,63.0,81.2,26.2,3,19,17.6,6.29,4.82,4.0,7.0
220,SmitGe00,Geno Smith,NYG,27,QB,2,1,0-1-0,21,36,58.3,212,1,2.8,0,0.0,5.9,6.4,10.1,106.0,84.5,38.0,3,12,7.7,5.13,5.64,10.5,18.0
221,SmitGe00,Geno Smith,LAC,28,QB,5,0,0,1,4,25.0,8,0,0.0,0,0.0,2.0,2.0,8.0,1.6,39.6,0.7,1,16,20.0,-1.6,-1.6,0.2,0.8
222,SmitGe00,Geno Smith,SEA,30,QB,1,0,0,4,5,80.0,33,0,0.0,0,0.0,6.6,6.6,8.3,33.0,94.2,3.9,1,3,16.7,5.0,5.0,4.0,5.0
223,SmitGe00,Geno Smith,,31,QB,4,3,1-2-0,65,95,68.4,702,5,5.3,1,1.1,7.4,8.0,10.8,175.5,103.0,45.8,13,117,12.0,5.42,5.93,16.2,23.8
224,StafMa00,Matthew Stafford,DET,24,QB,16,16,4-12-0,435,727,59.8,4967,20,2.8,17,2.3,6.8,6.3,11.4,310.4,79.8,56.1,29,212,3.8,6.29,5.81,27.2,45.4
225,StafMa00,Matthew Stafford,DET,25,QB,16,16,7-9-0,371,634,58.5,4650,29,4.6,19,3.0,7.3,6.9,12.5,290.6,84.2,53.5,23,168,3.5,6.82,6.4,23.2,39.6
226,StafMa00,Matthew Stafford*,DET,26,QB,16,16,11-5-0,363,602,60.3,4257,22,3.7,12,2.0,7.1,6.9,11.7,266.1,85.7,47.3,45,254,7.0,6.19,6.03,22.7,37.6
227,StafMa00,Matthew Stafford,DET,27,QB,16,16,7-9-0,398,592,67.2,4262,32,5.4,13,2.2,7.2,7.3,10.7,266.4,97.0,58.3,44,251,6.9,6.31,6.39,24.9,37.0
228,StafMa00,Matthew Stafford,DET,28,QB,16,16,9-7-0,388,594,65.3,4327,24,4.0,10,1.7,7.3,7.3,11.2,270.4,93.3,65.2,37,216,5.9,6.52,6.56,24.2,37.1
229,StafMa00,Matthew Stafford,DET,29,QB,16,16,9-7-0,371,565,65.7,4446,29,5.1,10,1.8,7.9,8.1,12.0,277.9,99.3,65.2,47,287,7.7,6.8,7.01,23.2,35.3
230,StafMa00,Matthew Stafford,DET,30,QB,16,16,6-10-0,367,555,66.1,3777,21,3.8,11,2.0,6.8,6.7,10.3,236.1,89.9,51.3,40,255,6.7,5.92,5.79,22.9,34.7
231,StafMa00,Matthew Stafford,DET,31,QB,8,8,3-4-1,187,291,64.3,2499,19,6.5,5,1.7,8.6,9.1,13.4,312.4,106.0,71.3,18,137,5.8,7.64,8.15,23.4,36.4
232,StafMa00,Matthew Stafford,DET,32,QB,16,16,5-11-0,339,528,64.2,4084,26,4.9,10,1.9,7.7,7.9,12.0,255.3,96.3,61.3,38,254,6.7,6.77,6.89,21.2,33.0
233,StafMa00,Matthew Stafford,,33,QB,17,17,12-5-0,404,601,67.2,4886,41,6.8,17,2.8,8.1,8.2,12.1,287.4,102.9,63.8,30,243,4.8,7.36,7.45,23.8,35.4
234,StidJa00,Jarrett Stidham,NWE,23,QB,3,0,0,2,4,50.0,14,0,0.0,1,25.0,3.5,-7.8,7.0,4.7,18.7,0.1,1,7,20.0,1.4,-7.6,0.7,1.3
235,StidJa00,Jarrett Stidham,NWE,24,QB,5,0,0,22,44,50.0,256,2,4.5,3,6.8,5.8,3.7,11.6,51.2,54.7,12.2,4,21,8.3,4.9,2.92,4.4,8.8
236,TagoTu00,Tua Tagovailoa,MIA,22,QB,10,9,6-3-0,186,290,64.1,1814,11,3.8,5,1.7,6.3,6.2,9.8,181.4,87.1,44.8,20,136,6.5,5.41,5.4,18.6,29.0
237,TagoTu00,Tua Tagovailoa,,23,QB,13,12,7-5-0,263,388,67.8,2653,16,4.1,10,2.6,6.8,6.5,10.1,204.1,90.1,49.7,20,152,4.9,6.13,5.81,20.2,29.8
238,TannRy00,Ryan Tannehill,MIA,24,QB,16,16,7-9-0,282,484,58.3,3294,12,2.5,13,2.7,6.8,6.1,11.7,205.9,76.1,48.4,35,234,6.7,5.9,5.23,17.6,30.2
239,TannRy00,Ryan Tannehill,MIA,25,QB,16,16,8-8-0,355,588,60.4,3913,24,4.1,17,2.9,6.7,6.2,11.0,244.6,81.7,48.4,58,399,9.0,5.44,5.0,22.2,36.8
240,TannRy00,Ryan Tannehill,MIA,26,QB,16,16,8-8-0,392,590,66.4,4045,27,4.6,12,2.0,6.9,6.9,10.3,252.8,92.8,59.3,46,337,7.2,5.83,5.83,24.5,36.9
241,TannRy00,Ryan Tannehill,MIA,27,QB,16,16,6-10-0,363,586,61.9,4208,24,4.1,12,2.0,7.2,7.1,11.6,263.0,88.7,45.6,45,420,7.1,6.0,5.91,22.7,36.6
242,TannRy00,Ryan Tannehill,MIA,28,QB,13,13,8-5-0,261,389,67.1,2995,19,4.9,12,3.1,7.7,7.3,11.5,230.4,93.5,48.6,29,216,6.9,6.65,6.27,20.1,29.9
243,TannRy00,Ryan Tannehill,MIA,30,QB,11,11,5-6-0,176,274,64.2,1979,17,6.2,9,3.3,7.2,7.0,11.2,179.9,92.7,33.2,35,279,11.3,5.5,5.29,16.0,24.9
244,TannRy00,Ryan Tannehill*,TEN,31,QB,12,10,7-3-0,201,286,70.3,2742,22,7.7,6,2.1,9.6,10.2,13.6,228.5,117.5,64.2,31,212,9.8,7.98,8.52,16.8,23.8
245,TannRy00,Ryan Tannehill,TEN,32,QB,16,16,11-5-0,315,481,65.5,3819,33,6.9,7,1.5,7.9,8.7,12.1,238.7,106.5,72.6,24,173,4.8,7.22,7.9,19.7,30.1
246,TannRy00,Ryan Tannehill,,33,QB,17,17,12-5-0,357,531,67.2,3734,21,4.0,14,2.6,7.0,6.6,10.5,219.6,89.6,55.9,47,327,8.1,5.89,5.53,21.0,31.2
247,TaylTy00,Tyrod Taylor,BAL,23,QB,7,0,0,17,29,58.6,179,0,0.0,1,3.4,6.2,4.6,10.5,25.6,62.3,52.3,3,30,9.4,4.66,3.25,2.4,4.1
248,TaylTy00,Tyrod Taylor,BAL,24,QB,3,0,0,1,5,20.0,2,0,0.0,1,20.0,0.4,-8.6,2.0,0.7,0.0,70.8,0,0,0.0,0.4,-8.6,0.3,1.7
249,TaylTy00,Tyrod Taylor*,BUF,26,QB,14,14,7-6-0,242,380,63.7,3035,20,5.3,6,1.6,8.0,8.3,12.5,216.8,99.4,66.3,36,212,8.7,6.79,7.1,17.3,27.1
250,TaylTy00,Tyrod Taylor,BUF,27,QB,15,15,7-8-0,269,436,61.7,3023,17,3.9,6,1.4,6.9,7.1,11.2,201.5,89.7,62.4,42,192,8.8,5.92,6.07,17.9,29.1
251,TaylTy00,Tyrod Taylor,BUF,28,QB,15,14,8-6-0,263,420,62.6,2799,14,3.3,4,1.0,6.7,6.9,10.6,186.6,89.2,56.4,46,256,9.9,5.46,5.67,17.5,28.0
252,TaylTy00,Tyrod Taylor,CLE,29,QB,4,3,1-1-1,42,85,49.4,473,2,2.4,2,2.4,5.6,5.0,11.3,118.3,64.5,27.0,13,81,13.3,4.0,3.49,10.5,21.2
253,TaylTy00,Tyrod Taylor,LAC,30,QB,8,0,0,4,6,66.7,33,1,16.7,0,0.0,5.5,8.8,8.3,4.1,120.1,3.3,0,0,0.0,5.5,8.83,0.5,0.8
254,TaylTy00,Tyrod Taylor,LAC,31,QB,2,1,1-0-0,16,30,53.3,208,0,0.0,0,0.0,6.9,6.9,13.0,104.0,75.4,16.6,2,1,6.3,6.47,6.47,8.0,15.0
255,TaylTy00,Tyrod Taylor,,32,QB,6,6,2-4-0,91,150,60.7,966,5,3.3,5,3.3,6.4,5.6,10.6,161.0,76.7,40.4,13,119,8.0,5.2,4.43,15.2,25.0
256,TrubMi00,Mitchell Trubisky,CHI,23,QB,12,12,4-8-0,196,330,59.4,2193,7,2.1,7,2.1,6.6,6.1,11.2,182.8,77.5,32.4,31,196,8.6,5.53,5.05,16.3,27.5
257,TrubMi00,Mitchell Trubisky*,CHI,24,QB,14,14,11-3-0,289,434,66.6,3223,24,5.5,12,2.8,7.4,7.3,11.2,230.2,95.4,71.0,24,143,5.2,6.72,6.59,20.6,31.0
258,TrubMi00,Mitchell Trubisky,CHI,25,QB,15,15,8-7-0,326,516,63.2,3138,17,3.3,10,1.9,6.1,5.9,9.6,209.2,83.0,41.5,38,234,6.9,5.24,5.04,21.7,34.4
259,TrubMi00,Mitchell Trubisky,CHI,26,QB,10,9,6-3-0,199,297,67.0,2055,16,5.4,8,2.7,6.9,6.8,10.3,205.5,93.5,53.8,18,125,5.7,6.13,6.0,19.9,29.7
260,TrubMi00,Mitchell Trubisky,,27,QB,6,0,0,6,8,75.0,43,0,0.0,1,12.5,5.4,-0.3,7.2,7.2,47.4,73.2,0,0,0.0,5.38,-0.25,1.0,1.3
261,WalkPh00,P.J. Walker,CAR,25,QB,4,1,1-0-0,32,56,57.1,368,1,1.8,5,8.9,6.6,2.9,11.5,92.0,45.8,9.6,4,31,6.7,5.62,2.2,8.0,14.0
262,WalkPh00,P.J. Walker,,26,QB,5,1,1-0-0,36,66,54.5,362,1,1.5,3,4.5,5.5,3.7,10.1,72.4,56.5,19.3,7,47,9.6,4.32,2.74,7.2,13.2
263,WentCa00,Carson Wentz,PHI,24,QB,16,16,7-9-0,379,607,62.4,3782,16,2.6,14,2.3,6.2,5.7,10.0,236.4,79.3,46.7,33,213,5.2,5.58,5.09,23.7,37.9
264,WentCa00,Carson Wentz*,PHI,25,QB,13,13,11-2-0,265,440,60.2,3296,33,7.5,7,1.6,7.5,8.3,12.4,253.5,101.9,78.5,28,162,6.0,6.7,7.43,20.4,33.8
265,WentCa00,Carson Wentz,PHI,26,QB,11,11,5-6-0,279,401,69.6,3074,21,5.2,7,1.7,7.7,7.9,11.0,279.5,102.2,62.0,31,202,7.2,6.65,6.89,25.4,36.5
266,WentCa00,Carson Wentz,PHI,27,QB,16,16,9-7-0,388,607,63.9,4039,27,4.4,7,1.2,6.7,7.0,10.4,252.4,93.1,62.8,37,230,5.7,5.91,6.26,24.2,37.9
267,WentCa00,Carson Wentz,PHI,28,QB,12,12,3-8-1,251,437,57.4,2620,16,3.7,15,3.4,6.0,5.2,10.4,218.3,72.8,41.9,50,326,10.3,4.71,3.98,20.9,36.4
268,WentCa00,Carson Wentz,,29,QB,17,17,9-8-0,322,516,62.4,3563,27,5.2,7,1.4,6.9,7.3,11.1,209.6,94.6,54.7,32,227,5.8,6.09,6.5,18.9,30.4
269,WhitMi01,Mike White,,26,QB,4,3,1-2-0,88,132,66.7,953,5,3.8,8,6.1,7.2,5.3,10.8,238.3,75.1,50.5,4,18,2.9,6.88,4.96,22.0,33.0
270,WilsRu00,Russell Wilson*,SEA,24,QB,16,16,11-5-0,252,393,64.1,3118,26,6.6,10,2.5,7.9,8.1,12.4,194.9,100.0,72.7,33,203,7.7,6.84,7.01,15.8,24.6
271,WilsRu00,Russell Wilson*,SEA,25,QB,16,16,13-3-0,257,407,63.1,3357,26,6.4,9,2.2,8.2,8.5,13.1,209.8,101.2,67.2,44,272,9.8,6.84,7.1,16.1,25.4
272,WilsRu00,Russell Wilson*,SEA,26,QB,16,16,12-4-0,285,452,63.1,3475,20,4.4,7,1.5,7.7,7.9,12.2,217.2,95.0,71.5,42,242,8.5,6.54,6.72,17.8,28.2
273,WilsRu00,Russell Wilson*,SEA,27,QB,16,16,10-6-0,329,483,68.1,4024,34,7.0,8,1.7,8.3,9.0,12.2,251.5,110.1,68.6,45,265,8.5,7.12,7.73,20.6,30.2
274,WilsRu00,Russell Wilson,SEA,28,QB,16,16,10-5-1,353,546,64.7,4219,21,3.8,11,2.0,7.7,7.6,12.0,263.7,92.6,57.1,41,293,7.0,6.69,6.56,22.1,34.1
275,WilsRu00,Russell Wilson*,SEA,29,QB,16,16,9-7-0,339,553,61.3,3983,34,6.1,11,2.0,7.2,7.5,11.7,248.9,95.4,61.9,43,322,7.2,6.14,6.45,21.2,34.6
276,WilsRu00,Russell Wilson*,SEA,30,QB,16,16,10-6-0,280,427,65.6,3448,35,8.2,7,1.6,8.1,9.0,12.3,215.5,110.9,63.3,51,355,10.7,6.47,7.28,17.5,26.7
277,WilsRu00,Russell Wilson*,SEA,31,QB,16,16,11-5-0,341,516,66.1,4110,31,6.0,5,1.0,8.0,8.7,12.1,256.9,106.3,71.5,48,319,8.5,6.72,7.42,21.3,32.2
278,WilsRu00,Russell Wilson*,SEA,32,QB,16,16,12-4-0,384,558,68.8,4212,40,7.2,13,2.3,7.5,7.9,11.0,263.3,105.1,67.1,47,301,7.8,6.46,6.82,24.0,34.9
279,WilsRu00,Russell Wilson*,,33,QB,14,14,6-8-0,259,400,64.8,3113,25,6.3,6,1.5,7.8,8.4,12.0,222.4,103.1,54.7,33,266,7.6,6.58,7.11,18.5,28.6
280,WilsZa00,Zach Wilson,,22,QB,13,13,3-10-0,213,383,55.6,2334,9,2.3,11,2.9,6.1,5.3,11.0,179.5,69.7,28.2,44,370,10.3,4.6,3.86,16.4,29.5
281,WinsJa00,Jameis Winston*,TAM,21,QB,16,16,6-10-0,312,535,58.3,4042,22,4.1,15,2.8,7.6,7.1,13.0,252.6,84.2,57.2,27,190,4.8,6.85,6.44,19.5,33.4
282,WinsJa00,Jameis Winston,TAM,22,QB,16,16,9-7-0,345,567,60.8,4090,28,4.9,18,3.2,7.2,6.8,11.9,255.6,86.1,59.5,35,239,5.8,6.4,5.98,21.6,35.4
283,WinsJa00,Jameis Winston,TAM,23,QB,13,13,3-10-0,282,442,63.8,3504,19,4.3,11,2.5,7.9,7.7,12.4,269.5,92.2,52.0,33,207,6.9,6.94,6.7,21.7,34.0
284,WinsJa00,Jameis Winston,TAM,24,QB,11,9,3-6-0,244,378,64.6,2992,19,5.0,14,3.7,7.9,7.3,12.3,272.0,90.2,66.2,27,157,6.7,7.0,6.38,22.2,34.4
285,WinsJa00,Jameis Winston,TAM,25,QB,16,16,7-9-0,380,626,60.7,5109,33,5.3,30,4.8,8.2,7.1,13.4,319.3,84.3,55.7,47,282,7.0,7.17,6.15,23.8,39.1
286,WinsJa00,Jameis Winston,NOR,26,QB,4,0,0,7,11,63.6,75,0,0.0,0,0.0,6.8,6.8,10.7,18.8,83.5,12.0,2,11,15.4,4.92,4.92,1.8,2.8
287,WinsJa00,Jameis Winston,,27,QB,7,7,5-2-0,95,161,59.0,1170,14,8.7,3,1.9,7.3,8.2,12.3,167.1,102.8,64.4,11,69,6.4,6.4,7.24,13.6,23.0
288,WolfJo00,John Wolford,LAR,25,QB,1,1,1-0-0,22,38,57.9,231,0,0.0,1,2.6,6.1,4.9,10.5,231.0,64.7,68.5,2,8,5.0,5.58,4.45,22.0,38.0
289,WolfJo00,John Wolford,,26,QB,3,0,0,1,4,25.0,5,0,0.0,1,25.0,1.3,-10.0,5.0,1.7,0.0,0.1,1,8,20.0,-0.6,-9.6,0.3,1.3
