date,season,neutral,playoff,team1,team2,elo1_pre,elo2_pre,elo_prob1,elo_prob2,elo1_post,elo2_post,qbelo1_pre,qbelo2_pre,qb1,qb2,qb1_value_pre,qb2_value_pre,qb1_adj,qb2_adj,qbelo_prob1,qbelo_prob2,qb1_game_value,qb2_game_value,qb1_value_post,qb2_value_post,qbelo1_post,qbelo2_post,score1,score2,quality,importance,total_rating
9/9/2021,2021,0,,TB,DAL,1656.23593,1452.424236,0.824538544,0.175461456,1659.671437,1448.988729,1634.451744,1505.628824,Tom Brady,Dak Prescott,213.4105502,231.4917988,8.527869372,17.88119636,0.736090278,0.263909722,317.1285662,397.4017252,223.7823518,248.0827915,1639.815956,1500.264612,31,29,85,46,66
9/12/2021,2021,0,,TEN,ARI,1553.397217,1486.436956,0.681272166,0.318727834,1506.171519,1533.662654,1534.793055,1483.21904,Ryan Tannehill,Kyler Murray,207.7804105,217.2168649,6.311824855,5.662860138,0.65717082,0.34282918,33.68456477,302.0173112,190.3708259,225.6969095,1489.651053,1528.361042,13,38,56,56,56
9/12/2021,2021,0,,CIN,MIN,1412.119826,1494.522721,0.474976145,0.525023855,1426.792646,1479.849901,1426.338624,1502.496763,Joe Burrow,Kirk Cousins,154.3875104,200.0234287,4.53281454,8.142599752,0.467884194,0.532115806,154.3598807,283.2565827,154.3847474,208.3467441,1441.243406,1487.591981,27,24,33,54,44
9/12/2021,2021,0,,ATL,PHI,1484.493617,1426.465972,0.6700042,0.3299958,1437.713081,1473.246508,1462.273784,1432.000543,Matt Ryan,Jalen Hurts,178.596517,119.5296233,0.995672217,-7.458144689,0.635254977,0.364745023,17.56204896,382.369867,162.4930702,145.8136476,1418.481268,1475.793058,6,32,21,54,38
9/12/2021,2021,0,,BUF,PIT,1634.003861,1526.420324,0.729772904,0.270227096,1601.069885,1559.3543,1606.414731,1502.065433,Josh Allen,Ben Roethlisberger,244.6025941,218.9873385,10.20257236,9.106081842,0.716585009,0.283414991,217.5649099,83.03380414,241.8988257,205.391985,1574.257454,1534.22271,16,23,78,55,67
9/12/2021,2021,0,,HOU,JAX,1432.775542,1339.023563,0.713787315,0.286212685,1447.902046,1323.89706,1357.112601,1385.363782,Tyrod Taylor,Trevor Lawrence,120.4686419,112.90158,-101.6448495,-6.469035658,0.407361323,0.592638677,287.4284574,82.47906906,137.1646234,109.8593289,1391.718434,1350.757949,37,21,0,15,8
9/12/2021,2021,0,,IND,SEA,1561.490084,1565.751134,0.586530641,0.413469359,1530.547371,1596.693848,1527.521731,1553.102962,Carson Wentz,Russell Wilson,102.4692232,187.0306528,-21.75685134,-0.326868514,0.522245106,0.477754894,216.6669724,246.6523176,113.8889981,192.9928193,1500.541394,1580.0833,16,28,63,70,67
9/12/2021,2021,0,,DET,SF,1390.645249,1490.665951,0.449771155,0.550228845,1371.189983,1510.121217,1369.557634,1548.057844,Jared Goff,Jimmy Garoppolo,160.6390938,127.7485688,-1.519107943,-4.082609061,0.343426676,0.656573324,269.3849196,175.2169235,171.5136764,132.4954043,1355.200609,1562.414869,33,41,23,43,33
9/12/2021,2021,0,,CAR,NYJ,1436.539318,1381.7475,0.665872852,0.334127148,1447.894527,1370.392291,1458.537483,1392.502734,Sam Darnold,Zach Wilson,104.4716166,112.44816,-17.89988716,-2.090425534,0.649769021,0.350230979,226.6437555,-8.498819378,116.6888305,100.3534621,1470.504096,1380.536121,19,14,12,35,24
9/12/2021,2021,0,,WSH,LAC,1463.233796,1496.945335,0.544906384,0.455093616,1445.440885,1514.738246,1489.487976,1517.602101,Ryan Fitzpatrick,Justin Herbert,190.4666913,191.6913553,24.82321314,5.549695243,0.579076498,0.420923502,-1.928192384,180.0523305,171.2272029,190.5274528,1470.366598,1536.723479,16,20,58,64,61
9/12/2021,2021,1,,NO,GB,1614.959365,1629.337431,0.479320104,0.520679896,1652.522181,1591.774614,1552.724926,1584.664777,Jameis Winston,Aaron Rodgers,149.4754867,268.837927,-15.68933423,17.06913198,0.407953145,0.592046855,371.4476659,-67.6405483,171.6727046,235.1900795,1596.442818,1540.946885,38,3,80,71,76
9/12/2021,2021,0,,NE,MIA,1500.997462,1532.21301,0.548467071,0.451532929,1493.275512,1539.934961,1520.037969,1528.450211,Mac Jones,Tua Tagovailoa,106.5537,128.2789392,-15.15497134,-12.3558886,0.569625166,0.430374834,257.0157591,109.7941597,121.5999059,126.4304612,1511.962538,1536.525642,16,17,54,87,71
9/12/2021,2021,0,,KC,CLE,1643.357787,1531.697262,0.734376067,0.265623933,1651.27235,1523.782699,1640.210048,1562.483233,Patrick Mahomes,Baker Mayfield,232.1624419,173.3769879,2.08220033,3.961711347,0.683352333,0.316647667,391.5349471,159.6176666,248.0996924,172.0010557,1649.818905,1552.874377,33,29,90,57,74
9/12/2021,2021,0,,NYG,DEN,1425.401086,1449.695518,0.558313453,0.441686547,1394.592227,1480.504377,1446.61526,1491.919143,Daniel Jones,Teddy Bridgewater,120.8189362,160.1386781,-3.746332186,12.54490406,0.499869409,0.500130591,226.6221043,290.4182998,131.399253,173.1666403,1419.542948,1518.991455,13,27,34,57,46
9/12/2021,2021,0,,LAR,CHI,1571.734273,1496.16718,0.691932444,0.308067556,1589.366076,1478.535377,1569.710968,1467.247603,Matthew Stafford,Andy Dalton,161.9270044,121.8784015,0.659817983,-11.19521456,0.734004053,0.265995947,312.7323574,100.7816134,177.0075397,119.7687227,1584.705753,1452.252818,34,14,54,51,53
9/13/2021,2021,0,,OAK,BAL,1473.131014,1605.839758,0.403774388,0.596225612,1497.071864,1581.898908,1456.191259,1591.699921,Derek Carr,Lamar Jackson,184.3714181,207.0564629,1.302490467,0.84267194,0.398361348,0.601638652,250.7087034,221.1194832,191.0051467,208.462765,1480.393898,1567.497283,33,27,60,63,62
9/16/2021,2021,0,,WSH,NYG,1445.440885,1394.592227,0.660803847,0.339196153,1449.907915,1390.125197,1470.366598,1419.542948,Taylor Heinicke,Daniel Jones,31.0822805,131.399253,-126.1826141,1.731142827,0.469388599,0.530611401,282.4636758,337.996005,56.22042004,152.0589282,1477.79434,1412.115206,30,29,4,45,25
9/19/2021,2021,0,,MIA,BUF,1539.934961,1601.069885,0.505562062,0.494437938,1503.637367,1637.367479,1536.525642,1574.257454,Tua Tagovailoa,Josh Allen,126.4304612,241.8988257,-12.66233315,8.340559526,0.501337714,0.498662286,-37.31159505,123.6812621,110.0562556,230.0770693,1500.57939,1610.203706,0,35,74,87,81
9/19/2021,2021,0,,NYJ,NE,1370.392291,1493.275512,0.417461585,0.582538415,1346.021439,1517.646364,1380.536121,1511.962538,Zach Wilson,Mac Jones,100.3534621,121.5999059,-8.033253226,-6.874119815,0.391099797,0.608900203,-132.3392573,51.26785877,77.08419013,114.5667012,1357.894962,1534.603697,6,25,18,49,34
9/19/2021,2021,0,,PHI,SF,1473.246508,1510.121217,0.540387365,0.459612635,1451.943257,1531.424468,1475.793058,1562.414869,Jalen Hurts,Jimmy Garoppolo,145.8136476,132.4954043,6.056774734,-1.505060872,0.479891372,0.520108628,218.2619646,249.6302375,153.0584793,144.2088876,1457.234483,1580.973443,11,17,59,75,67
9/19/2021,2021,0,,PIT,OAK,1559.3543,1497.071864,0.675396744,0.324603256,1526.341132,1530.085031,1534.22271,1480.393898,Ben Roethlisberger,Derek Carr,205.391985,191.0051467,1.853101034,4.554230205,0.658168289,0.341831711,135.7798001,378.2529554,198.4307665,209.7299275,1502.259423,1512.357185,17,26,53,74,64
9/19/2021,2021,0,,CLE,HOU,1523.782699,1447.902046,0.692317068,0.307682932,1537.650482,1434.034263,1552.874377,1391.718434,Baker Mayfield,Tyrod Taylor,172.0010557,137.1646234,3.075659714,-88.21461629,0.857614774,0.142385226,158.5114066,200.6544907,170.6520908,143.5136101,1558.854913,1385.737897,31,21,13,15,14
9/19/2021,2021,0,,CHI,CIN,1478.535377,1426.792646,0.661956483,0.338043517,1487.435642,1417.892381,1452.252818,1441.243406,Andy Dalton,Joe Burrow,119.7687227,154.3847474,-11.69029324,4.304792329,0.572900558,0.427099442,86.24004458,-39.53796946,116.4158549,134.9924757,1463.826133,1429.670091,20,17,20,46,33
9/19/2021,2021,0,,JAX,DEN,1323.89706,1480.504377,0.371138879,0.628861121,1306.809536,1497.591901,1350.757949,1518.991455,Trevor Lawrence,Teddy Bridgewater,109.8593289,173.1666403,-7.666709422,18.43163995,0.316865732,0.683134268,-60.2927099,223.5233255,92.84412503,178.2023088,1336.430818,1533.318586,13,23,18,42,30
9/19/2021,2021,0,,IND,LAR,1530.547371,1589.366076,0.50889466,0.49110534,1516.39806,1603.515387,1500.541394,1584.705753,Carson Wentz,Matthew Stafford,113.8889981,177.0075397,-14.95912132,8.167094731,0.43555686,0.56444314,169.9588237,163.0059928,119.4959807,175.607385,1488.707414,1596.539733,24,27,68,61,65
9/19/2021,2021,0,,CAR,NO,1447.894527,1652.522181,0.309221498,0.690778502,1492.087048,1608.32966,1470.504096,1596.442818,Sam Darnold,Jameis Winston,116.6888305,171.6727046,-10.89628585,-3.806258564,0.393120089,0.606879911,250.1977701,-87.30758739,130.0397245,145.7746754,1508.156057,1558.790858,26,7,60,74,67
9/19/2021,2021,0,,ARI,MIN,1533.662654,1479.849901,0.664617761,0.335382239,1538.073811,1475.438744,1528.361042,1487.591981,Kyler Murray,Kirk Cousins,225.6969095,208.3467441,9.61973945,11.89712747,0.638243576,0.361756424,383.2181777,331.2766276,241.4490363,220.6397324,1533.16087,1482.792153,34,33,58,70,64
9/19/2021,2021,0,,TB,ATL,1659.671437,1437.713081,0.839142962,0.160857038,1668.715956,1428.668562,1639.815956,1418.481268,Tom Brady,Matt Ryan,223.7823518,162.4930702,13.28737671,-7.105834794,0.847828402,0.152171598,267.8476647,176.1979299,228.1888831,163.8635561,1648.332969,1409.964255,48,25,60,17,39
9/19/2021,2021,0,,SEA,TEN,1596.693848,1506.171519,0.709974147,0.290025853,1575.511783,1527.353584,1580.0833,1489.651053,Russell Wilson,Ryan Tannehill,192.9928193,190.3708259,2.670558153,-2.708558675,0.71372937,0.28627063,242.3327367,220.3199148,197.926811,193.3657348,1558.756021,1510.978332,30,33,66,49,58
9/19/2021,2021,0,,LAC,DAL,1514.738246,1448.988729,0.679756875,0.320243125,1494.700509,1469.026466,1536.723479,1500.264612,Justin Herbert,Dak Prescott,190.5274528,248.0827915,4.690259242,25.28263286,0.607358252,0.392641748,179.798429,145.9745083,189.4545504,237.8719632,1519.283199,1517.704892,17,20,66,63,65
9/19/2021,2021,0,,BAL,KC,1581.898908,1651.27235,0.493706443,0.506293557,1588.931607,1644.239651,1567.497283,1649.818905,Lamar Jackson,Patrick Mahomes,208.462765,248.0996924,1.503689357,9.946715574,0.454165616,0.545834384,348.9430742,366.1795592,222.5107959,259.9076791,1575.175625,1642.140562,36,35,93,78,86
9/20/2021,2021,0,,GB,DET,1591.774614,1371.189983,0.838072687,0.161927313,1600.214699,1362.749899,1540.946885,1355.200609,Aaron Rodgers,Jared Goff,235.1900795,171.5136764,-0.608248381,3.994138745,0.79674912,0.20325088,245.2923684,292.1215736,236.2003084,183.5744661,1551.750669,1344.396826,35,17,21,31,26
9/23/2021,2021,0,,HOU,CAR,1434.034263,1492.087048,0.509996514,0.490003486,1405.664465,1520.456847,1385.737897,1508.156057,Davis Mills,Sam Darnold,82.97586,130.0397245,-141.1671423,-3.67602458,0.239009373,0.760990627,64.20408299,210.2821273,81.0986823,138.0639647,1373.594861,1520.299094,9,24,2,22,12
9/26/2021,2021,0,,NYG,ATL,1390.125197,1428.668562,0.538000736,0.461999264,1375.027083,1443.766676,1412.115206,1409.964255,Daniel Jones,Matt Ryan,152.0589282,163.8635561,11.97442328,-6.065300065,0.610652448,0.389347552,142.8815725,192.7367831,151.1411927,166.7508788,1394.560472,1427.518988,14,17,11,18,15
9/26/2021,2021,0,,NE,NO,1517.646364,1608.32966,0.463105944,0.536894056,1492.262653,1633.713372,1534.603697,1558.790858,Mac Jones,Jameis Winston,114.5667012,145.7746754,-10.04701618,-16.56496024,0.561137163,0.438862837,70.01417264,92.04399658,110.1114483,140.4016075,1502.871815,1590.52274,13,28,66,69,68
9/26/2021,2021,0,,TEN,IND,1527.353584,1516.39806,0.607600024,0.392399976,1544.821197,1498.930446,1510.978332,1488.707414,Ryan Tannehill,Carson Wentz,193.3657348,119.4959807,-1.075676299,-11.40767397,0.624819848,0.375180152,207.6219842,-9.397609141,194.7913598,106.6066217,1527.587091,1472.098655,25,16,45,93,69
9/26/2021,2021,0,,CLE,CHI,1537.650482,1487.435642,0.659985574,0.340014426,1557.323813,1467.762311,1558.854913,1463.826133,Baker Mayfield,Justin Fields,170.6520908,108.36738,2.247394272,-20.83068737,0.731754578,0.268245422,111.56522,-293.8519428,164.7434038,68.14544772,1573.989219,1448.691827,26,6,49,44,47
9/26/2021,2021,0,,DET,BAL,1362.749899,1588.931607,0.283363848,0.716636152,1356.948775,1594.732732,1344.396826,1575.175625,Jared Goff,Lamar Jackson,183.5744661,222.5107959,9.824826669,8.452520354,0.2699616,0.7300384,139.2768723,67.00404098,179.1447067,206.9601204,1338.897179,1580.675272,17,19,28,24,26
9/26/2021,2021,0,,JAX,ARI,1306.809536,1538.073811,0.27746038,0.72253962,1293.576204,1551.307143,1336.430818,1533.16087,Trevor Lawrence,Kyler Murray,92.84412503,241.4490363,-15.79097589,17.01481589,0.276248344,0.723751656,74.43908719,272.0434503,91.00362124,244.5084777,1323.261147,1546.330541,19,31,15,26,21
9/26/2021,2021,0,,KC,LAC,1644.239651,1494.700509,0.77469015,0.22530985,1610.83229,1528.107869,1642.140562,1519.283199,Patrick Mahomes,Justin Herbert,259.9076791,189.4545504,15.35337314,3.919295087,0.754201597,0.245798403,227.0820739,341.0322116,256.6251185,204.6123165,1609.937492,1551.486269,24,30,86,52,69
9/26/2021,2021,0,,BUF,WSH,1637.367479,1449.907915,0.810501805,0.189498195,1648.027594,1439.2478,1610.203706,1477.79434,Josh Allen,Taylor Heinicke,230.0770693,56.22042004,2.012653373,-107.3044136,0.847441405,0.152558595,508.5024958,165.8202757,257.919612,67.18040561,1618.629788,1469.368258,43,21,38,17,28
9/26/2021,2021,0,,PIT,CIN,1526.341132,1417.892381,0.730753971,0.269246029,1483.375324,1460.858189,1502.259423,1429.670091,Ben Roethlisberger,Joe Burrow,198.4307665,134.9924757,-1.720163266,-5.60658313,0.681950268,0.318049732,67.37433337,231.5965986,185.3251232,144.652888,1462.957191,1468.972324,10,24,29,54,42
9/26/2021,2021,0,,DEN,NYJ,1497.591901,1346.021439,0.776724588,0.223275412,1510.990513,1332.622827,1533.318586,1357.894962,Teddy Bridgewater,Zach Wilson,178.2023088,77.08419013,20.02789221,-19.26622653,0.830624872,0.169375128,148.0007568,-152.0217834,175.1821536,54.17359277,1543.237827,1347.975721,26,0,19,16,18
9/26/2021,2021,0,,OAK,MIA,1530.085031,1503.637367,0.628646597,0.371353403,1539.970235,1493.752164,1512.357185,1500.57939,Derek Carr,Jacoby Brissett,209.7299275,125.4810832,13.68890913,-4.791491714,0.632003552,0.367996448,184.12349,189.3471011,207.1692838,131.867685,1522.14234,1490.794234,31,28,54,85,70
9/26/2021,2021,0,,MIN,SEA,1475.438744,1575.511783,0.449696597,0.550303403,1504.954944,1545.995582,1482.792153,1558.756021,Kirk Cousins,Russell Wilson,220.6397324,197.926811,17.44876527,5.004026114,0.495760216,0.504239784,378.5602101,212.5535598,236.4317802,199.3894859,1509.442196,1532.105978,30,17,65,71,68
9/26/2021,2021,0,,LAR,TB,1603.515387,1668.715956,0.499711357,0.500288643,1627.51037,1644.720973,1596.539733,1648.332969,Matthew Stafford,Tom Brady,175.607385,228.1888831,7.058662646,14.82627352,0.505836098,0.494163902,368.3243245,434.3371735,194.879079,248.8037121,1620.195192,1624.67751,34,24,96,85,91
9/26/2021,2021,0,,SF,GB,1531.424468,1600.214699,0.494545636,0.505454364,1520.576878,1611.062288,1580.973443,1551.750669,Jimmy Garoppolo,Aaron Rodgers,144.2088876,236.2003084,4.426933833,-0.072721517,0.634825445,0.365174555,99.94178593,246.2551574,139.7821775,237.2057933,1566.388041,1566.336071,28,30,80,65,73
9/27/2021,2021,0,,DAL,PHI,1469.026466,1451.943257,0.615977415,0.384022585,1491.56871,1429.401013,1517.704892,1457.234483,Dak Prescott,Jalen Hurts,237.8719632,153.0584793,18.91308705,9.376351847,0.679146458,0.320853542,190.2550167,176.7147985,233.1102685,155.4241113,1536.149687,1438.789688,41,21,49,86,68
9/30/2021,2021,0,,CIN,JAX,1460.858189,1293.576204,0.792016354,0.207983646,1466.074018,1288.360374,1468.972324,1323.261147,Joe Burrow,Trevor Lawrence,144.652888,91.00362124,-0.496047828,-15.92167899,0.778793816,0.221206184,292.3975688,210.4919077,159.4273561,102.9524499,1474.551015,1317.682455,24,21,4,15,10
10/3/2021,2021,0,,NO,NYG,1633.713372,1375.027083,0.865679738,0.134320262,1594.210628,1414.529827,1590.52274,1394.560472,Jameis Winston,Daniel Jones,140.4016075,151.1411927,-18.42324617,10.91683433,0.786292766,0.213707234,199.5662349,405.389755,146.3180703,176.5660489,1556.412881,1428.670331,21,27,40,23,32
10/3/2021,2021,0,,BUF,HOU,1648.027594,1405.664465,0.854373634,0.145626366,1657.517618,1396.174441,1618.629788,1373.594861,Josh Allen,Davis Mills,257.919612,81.0986823,15.83329203,-135.047374,0.932479657,0.067520343,212.934312,-219.0344471,253.421082,51.08536936,1622.783512,1369.441136,40,0,10,3,7
10/3/2021,2021,0,,CHI,DET,1467.762311,1356.948775,0.733423897,0.266576103,1479.600677,1345.110409,1448.691827,1338.897179,Justin Fields,Jared Goff,68.14544772,179.1447067,-39.90011914,7.118705645,0.664502992,0.335497008,20.06012994,180.20325,63.33691594,179.250561,1463.957734,1323.631272,24,14,3,15,9
10/3/2021,2021,0,,ATL,WSH,1443.766676,1439.2478,0.598731583,0.401268417,1423.865379,1459.149097,1427.518988,1469.368258,Matt Ryan,Taylor Heinicke,166.7508788,67.18040561,-4.318373715,-96.45920015,0.649940752,0.350059248,311.113662,318.8537849,181.1871571,92.34774353,1405.523494,1491.363752,30,34,7,30,19
10/3/2021,2021,0,,NYJ,TEN,1332.622827,1544.821197,0.299990745,0.700009255,1353.422903,1524.02112,1347.975721,1527.587091,Zach Wilson,Ryan Tannehill,54.17359277,194.7913598,-29.75821388,-0.309080018,0.29537989,0.70462011,152.7385623,29.35701002,64.03008973,178.2479248,1368.951954,1506.610858,27,24,12,15,14
10/3/2021,2021,0,,MIN,CLE,1504.954944,1557.323813,0.518169655,0.481830345,1483.280432,1578.998325,1509.442196,1573.989219,Kirk Cousins,Baker Mayfield,236.4317802,164.7434038,24.47235088,-0.819318981,0.526255983,0.473744017,13.51694537,-41.64782718,214.1402967,144.1042807,1487.372634,1596.05878,7,14,74,68,71
10/3/2021,2021,0,,MIA,IND,1493.752164,1498.930446,0.58524959,0.41475041,1464.900288,1527.782322,1490.794234,1472.098655,Jacoby Brissett,Carson Wentz,131.867685,106.6066217,-1.358616232,-17.28196977,0.631635937,0.368364063,124.277176,215.8036066,131.1086341,117.5263202,1459.155106,1503.737783,17,27,34,64,49
10/3/2021,2021,0,,PHI,KC,1429.401013,1610.83229,0.338444825,0.661555175,1412.9118,1627.321503,1438.789688,1609.937492,Jalen Hurts,Patrick Mahomes,155.4241113,256.6251185,10.09035021,12.94442422,0.340450062,0.659549938,321.966892,383.9885568,172.0783893,269.3614624,1422.191647,1626.535534,30,42,64,54,59
10/3/2021,2021,0,,DAL,CAR,1491.56871,1520.456847,0.55178281,0.44821719,1510.947297,1501.07826,1536.149687,1520.299094,Dak Prescott,Sam Darnold,233.1102685,138.0639647,15.58658537,0.519896791,0.626296346,0.373703654,340.4701699,208.1053496,243.8462586,145.0681032,1551.928549,1504.520231,36,28,67,68,68
10/3/2021,2021,0,,SF,SEA,1520.576878,1545.995582,0.556716905,0.443283095,1496.99948,1569.57298,1566.388041,1532.105978,Jimmy Garoppolo,Russell Wilson,139.7821775,199.3894859,1.992232057,5.485162246,0.624708187,0.375291813,55.33849058,191.6686906,131.3378088,198.6174064,1539.317914,1559.176104,21,28,74,86,80
10/3/2021,2021,0,,LAR,ARI,1627.51037,1551.307143,0.692712469,0.307287531,1584.720013,1594.0975,1620.195192,1546.330541,Matthew Stafford,Kyler Murray,194.879079,244.5084777,16.34157648,17.69379579,0.677453867,0.322546133,234.3634238,295.1066059,198.8275135,249.5682905,1578.595681,1587.930051,20,37,89,67,78
10/3/2021,2021,0,,GB,PIT,1611.062288,1483.375324,0.751979065,0.248020935,1621.998964,1472.438648,1566.336071,1462.957191,Aaron Rodgers,Ben Roethlisberger,237.2057933,185.3251232,0.433657011,-8.186976762,0.725670412,0.274329588,200.5130597,109.7609877,233.5365199,177.7687097,1578.553869,1450.739394,27,17,53,33,43
10/3/2021,2021,0,,DEN,BAL,1510.990513,1594.732732,0.473053912,0.526946088,1484.41169,1621.311555,1543.237827,1580.675272,Teddy Bridgewater,Lamar Jackson,175.1821536,206.9601204,17.51642001,0.254556591,0.558535548,0.441464452,-8.300680317,201.3855968,156.8338702,206.402668,1510.989857,1612.923242,7,23,81,81,81
10/3/2021,2021,0,,NE,TB,1492.262653,1644.720973,0.376730117,0.623269883,1484.301531,1652.682095,1502.871815,1624.67751,Mac Jones,Tom Brady,110.1114483,248.8037121,-11.7722918,24.39237436,0.362168993,0.637831007,152.5343993,118.4280878,114.3537434,235.7661497,1495.254563,1632.294762,17,19,79,48,64
10/4/2021,2021,0,,LAC,OAK,1528.107869,1539.970235,0.575880475,0.424119525,1550.53687,1517.541233,1551.486269,1522.14234,Justin Herbert,Derek Carr,204.6123165,207.1692838,11.30221339,11.7241418,0.619737574,0.380262426,195.356037,63.56426118,203.6866886,192.8087815,1571.316837,1502.311772,28,14,72,82,77
10/7/2021,2021,0,,SEA,LAR,1569.57298,1584.720013,0.57125583,0.42874417,1542.65572,1611.637273,1559.176104,1578.595681,Russell Wilson,Matthew Stafford,198.6174064,198.8275135,4.824864367,17.4987149,0.538450815,0.461549185,95.1875666,219.5178571,188.2744224,200.8965478,1534.074068,1603.697718,17,26,84,86,85
10/10/2021,2021,1,,ATL,NYJ,1423.865379,1353.422903,0.600008251,0.399991749,1439.984447,1337.303835,1405.523494,1368.951954,Matt Ryan,Zach Wilson,181.1871571,64.03008973,3.115684129,-23.34205471,0.589724282,0.410275718,340.0354505,-44.94261337,197.0719865,53.13281942,1422.11115,1352.364298,27,20,3,10,7
10/10/2021,2021,0,,MIN,DET,1483.280432,1345.110409,0.763061979,0.236938021,1488.046359,1340.344482,1487.372634,1323.631272,Kirk Cousins,Jared Goff,214.1402967,179.250561,12.1029916,6.815697529,0.786187346,0.213812654,126.2734145,-28.7091448,205.3536085,158.4545905,1491.632584,1319.371322,19,17,10,11,11
10/10/2021,2021,0,,HOU,NE,1396.174441,1484.301531,0.466766513,0.533233487,1383.367555,1497.108416,1369.441136,1495.254563,Davis Mills,Mac Jones,51.08536936,114.3537434,-143.3016618,-9.062529664,0.241644782,0.758355218,296.6129744,133.9438874,75.63812987,116.3127578,1363.296254,1501.399446,22,25,1,17,9
10/10/2021,2021,0,,PIT,DEN,1472.438648,1484.41169,0.575724859,0.424275141,1490.644388,1466.205951,1450.739394,1510.989857,Ben Roethlisberger,Teddy Bridgewater,177.7687097,156.8338702,-11.5558347,7.466457311,0.472691803,0.527308197,213.722608,211.5736977,181.3640995,162.307853,1474.113494,1487.615757,27,19,36,54,45
10/10/2021,2021,0,,WSH,NO,1459.149097,1594.210628,0.400518155,0.599481845,1439.858426,1613.501299,1491.363752,1556.412881,Taylor Heinicke,Jameis Winston,92.34774353,146.3180703,-79.05257118,-14.54385249,0.399689223,0.600310777,34.62655829,192.5642699,86.57562501,150.9426902,1472.118093,1575.65854,22,33,35,77,56
10/10/2021,2021,0,,CAR,PHI,1501.07826,1412.9118,0.707173761,0.292826239,1480.004028,1433.986032,1504.520231,1422.191647,Sam Darnold,Jalen Hurts,145.0681032,172.0783893,3.995971194,17.91297174,0.67277257,0.32722743,-97.24457998,155.1129524,120.8368349,170.3818456,1484.74135,1441.970529,18,21,34,62,48
10/10/2021,2021,0,,JAX,TEN,1288.360374,1524.02112,0.27241539,0.72758461,1273.473022,1538.908473,1317.682455,1506.610858,Trevor Lawrence,Ryan Tannehill,102.9524499,178.2479248,-9.151180716,-8.565343504,0.318042452,0.681957548,202.4879252,67.86398134,112.9059974,167.2095304,1300.017318,1524.275996,19,37,7,35,21
10/10/2021,2021,0,,CIN,GB,1466.074018,1621.998964,0.372056128,0.627943872,1456.167849,1631.905133,1474.551015,1578.553869,Joe Burrow,Aaron Rodgers,159.4273561,233.5365199,6.915988602,-1.422662518,0.444109536,0.555890464,134.2692293,220.3936033,156.9115434,232.2222283,1462.452162,1590.652722,22,25,63,59,61
10/10/2021,2021,0,,TB,MIA,1652.682095,1464.900288,0.810786545,0.189213455,1664.111591,1453.470793,1632.294762,1459.155106,Tom Brady,Jacoby Brissett,235.7661497,131.1086341,16.65397443,-1.67021087,0.805856088,0.194143912,477.8897172,143.2239703,259.9785064,132.3201677,1644.048575,1447.401293,45,17,72,21,47
10/10/2021,2021,0,,LAC,CLE,1550.53687,1578.998325,0.552390191,0.447609809,1566.315003,1563.220193,1571.316837,1596.05878,Justin Herbert,Baker Mayfield,203.6866886,144.1042807,10.27428875,-11.09791458,0.585288135,0.414711865,451.3773891,313.1323391,228.4557586,161.0070865,1585.784533,1581.591085,47,42,85,66,76
10/10/2021,2021,0,,OAK,CHI,1517.541233,1479.600677,0.643955403,0.356044597,1483.966869,1513.175041,1502.311772,1463.957734,Derek Carr,Justin Fields,192.8087815,63.33691594,3.957683579,-40.30937907,0.695802862,0.304197138,24.96937856,17.58452621,176.0248412,58.76167697,1465.314531,1500.954976,9,20,30,45,38
10/10/2021,2021,0,,DAL,NYG,1510.947297,1414.529827,0.716911666,0.283088334,1527.926062,1397.551062,1551.928549,1428.670331,Dak Prescott,Daniel Jones,243.8462586,176.5660489,20.17525117,23.08342073,0.739104226,0.260895774,223.2142142,8.906373145,241.7830542,159.8000813,1567.44826,1413.15062,44,20,53,50,52
10/10/2021,2021,0,,ARI,SF,1594.0975,1496.99948,0.717706056,0.282293944,1605.032103,1486.064877,1587.930051,1539.317914,Kyler Murray,Trey Lance,249.5682905,111.99474,19.33901241,-21.67263266,0.699982563,0.300017437,138.821547,96.22154367,238.4936162,110.4174204,1599.62505,1527.622916,17,10,78,67,73
10/10/2021,2021,0,,KC,BUF,1627.321503,1657.517618,0.54991995,0.45008005,1594.416838,1690.422283,1626.535534,1622.783512,Patrick Mahomes,Josh Allen,269.3614624,253.421082,18.66537492,12.79236243,0.596711198,0.403288802,236.3935663,400.2148384,266.0646728,268.1004576,1590.274157,1659.044889,20,38,97,69,83
10/11/2021,2021,0,,BAL,IND,1621.311555,1527.782322,0.71352529,0.28647471,1631.711247,1517.38263,1612.923242,1503.737783,Lamar Jackson,Carson Wentz,206.402668,117.5263202,-0.036897418,-10.95802204,0.734921283,0.265078717,567.4896082,343.8606447,242.511362,140.1597527,1622.470845,1494.190179,31,25,73,52,63
10/14/2021,2021,0,,PHI,TB,1433.986032,1664.111591,0.278776412,0.721223588,1423.894031,1674.203591,1441.970529,1644.048575,Jalen Hurts,Tom Brady,170.3818456,259.9785064,16.1690513,27.92745409,0.290484448,0.709515552,94.44906281,301.60394,162.7885674,264.1410498,1431.410079,1654.609025,22,28,76,51,64
10/17/2021,2021,1,,JAX,MIA,1273.473022,1453.470793,0.261893448,0.738106552,1295.76124,1431.182575,1300.017318,1447.401293,Trevor Lawrence,Tua Tagovailoa,112.9059974,110.0562556,-3.716847913,-23.24484562,0.323879853,0.676120147,183.3615224,281.9070733,119.9515499,127.2413373,1319.920021,1427.49859,23,20,1,10,6
10/17/2021,2021,0,,IND,HOU,1517.38263,1383.367555,0.758710507,0.241289493,1532.284452,1368.465733,1494.190179,1363.296254,Carson Wentz,Davis Mills,140.1597527,75.63812987,0.906595291,-123.8601984,0.859166234,0.140833766,105.762984,6.461418785,136.7200758,68.72045876,1502.48964,1354.996793,31,3,1,14,8
10/17/2021,2021,0,,DET,CIN,1340.344482,1456.167849,0.427376562,0.572623438,1313.793339,1482.718992,1319.371322,1462.452162,Jared Goff,Joe Burrow,158.4545905,156.9115434,-3.92307264,5.312282832,0.364766985,0.635233015,64.14021419,179.9860348,149.0231528,159.2189925,1297.159298,1484.664187,11,34,5,22,14
10/17/2021,2021,0,,WSH,KC,1439.858426,1594.416838,0.3738958,0.6261042,1418.701426,1615.573839,1472.118093,1590.274157,Taylor Heinicke,Patrick Mahomes,86.57562501,266.0646728,-77.98600189,16.08371137,0.292498182,0.707501818,65.3503875,226.1323474,84.45310126,262.0714402,1456.016273,1606.375977,13,31,45,47,46
10/17/2021,2021,0,,NYG,LAR,1397.551062,1611.637273,0.297713626,0.702286374,1378.96942,1630.218915,1413.15062,1603.697718,Daniel Jones,Matthew Stafford,159.8000813,200.8965478,13.54626591,17.65829634,0.321369619,0.678630381,-101.6655207,264.4897945,133.6535211,207.2558725,1392.926906,1623.921432,11,38,57,23,40
10/17/2021,2021,0,,CHI,GB,1513.175041,1631.905133,0.423286764,0.576713236,1493.359056,1651.721119,1500.954976,1590.652722,Justin Fields,Aaron Rodgers,58.76167697,232.2222283,-40.5815296,-2.008675221,0.397104454,0.602895546,57.89205884,227.2972006,58.67471516,231.7297255,1482.518535,1609.089162,14,24,60,76,68
10/17/2021,2021,0,,BAL,LAC,1631.711247,1566.315003,0.679314023,0.320685977,1652.099694,1545.926556,1622.470845,1585.784533,Lamar Jackson,Justin Herbert,242.511362,228.4557586,18.01929446,22.14510934,0.635887824,0.364112176,81.29201319,62.30390349,226.3894272,211.8405731,1645.958247,1562.297131,34,6,94,85,90
10/17/2021,2021,0,,CAR,MIN,1480.004028,1488.046359,0.58124217,0.41875783,1456.78191,1511.268476,1484.74135,1491.632584,Sam Darnold,Kirk Cousins,120.8368349,205.3536085,-8.319461526,7.104497907,0.552250445,0.447749555,8.662603453,429.1435958,109.6194118,227.7326072,1462.88676,1513.487174,28,34,42,71,57
10/17/2021,2021,0,,CLE,ARI,1563.220193,1605.032103,0.533320885,0.466679115,1528.960647,1639.29165,1581.591085,1599.62505,Baker Mayfield,Kyler Murray,161.0070865,238.4936162,-2.091615926,12.83472461,0.541720684,0.458279316,65.3067575,233.4148107,151.4370536,237.9857356,1546.697858,1634.518277,14,37,88,65,77
10/17/2021,2021,0,,NE,DAL,1497.108416,1527.926062,0.549034254,0.450965746,1475.403755,1549.630723,1501.399446,1567.44826,Mac Jones,Dak Prescott,116.3127578,241.7830542,-7.629895984,18.13488639,0.45606347,0.54393653,119.9673455,451.6986167,116.6782166,262.7746104,1483.893835,1584.95387,29,35,68,47,58
10/17/2021,2021,0,,DEN,OAK,1466.205951,1483.966869,0.567566659,0.432433341,1438.389356,1511.783463,1487.615757,1465.314531,Teddy Bridgewater,Derek Carr,162.307853,176.0248412,9.830125822,-4.632170749,0.632336813,0.367663187,111.3815909,261.0827686,157.2152267,184.530634,1455.933647,1496.996641,24,34,37,85,61
10/17/2021,2021,0,,PIT,SEA,1490.644388,1542.65572,0.518683492,0.481316508,1503.91099,1529.389118,1474.113494,1534.074068,Ben Roethlisberger,Geno Smith,181.3640995,126.1635374,-9.180348052,-62.69875587,0.581432551,0.418567449,192.6682552,94.37130387,182.4945151,122.984314,1485.425094,1522.762468,23,20,32,51,42
10/18/2021,2021,0,,TEN,BUF,1538.908473,1690.422283,0.378007611,0.621992389,1556.859685,1672.471071,1524.275996,1659.044889,Ryan Tannehill,Josh Allen,167.2095304,268.1004576,-13.6562735,19.49243213,0.346235505,0.653764495,178.010179,282.41982,168.2895953,269.5323938,1543.360041,1639.960843,34,31,87,70,79
10/21/2021,2021,0,,CLE,DEN,1528.960647,1438.389356,0.710032179,0.289967821,1536.469294,1430.880709,1546.697858,1455.933647,Case Keenum,Teddy Bridgewater,121.1114725,157.2152267,-37.09763263,6.79230643,0.649007514,0.350992486,152.9549212,107.8603612,124.2958174,152.2797402,1555.978962,1446.652543,17,14,41,81,61
10/24/2021,2021,0,,BAL,CIN,1652.099694,1482.718992,0.793999425,0.206000575,1594.888939,1539.929747,1645.958247,1484.664187,Lamar Jackson,Joe Burrow,226.3894272,159.2189925,9.057362294,6.200393258,0.780961821,0.219038179,163.1994945,313.2549993,220.0704339,174.6225932,1590.071778,1540.550656,17,41,80,56,68
10/24/2021,2021,0,,TEN,KC,1556.859685,1615.573839,0.509045073,0.490954927,1588.376095,1584.057429,1543.360041,1606.375977,Ryan Tannehill,Patrick Mahomes,168.2895953,262.0714402,-12.4334274,13.28290954,0.454272272,0.545727728,209.2291591,-0.024879998,172.3835517,235.8618082,1579.008961,1570.727056,27,3,82,54,68
10/24/2021,2021,0,,NYG,CAR,1378.96942,1456.78191,0.481569698,0.518430302,1411.670571,1424.080759,1392.926906,1462.88676,Daniel Jones,Sam Darnold,133.6535211,109.6194118,-0.204327488,-13.51220002,0.500697263,0.499302737,164.772707,-103.1884042,136.7654397,88.33863017,1424.231229,1431.582437,25,3,13,16,15
10/24/2021,2021,0,,MIA,ATL,1431.182575,1439.984447,0.580177584,0.419822416,1418.100597,1453.066425,1427.49859,1422.11115,Tua Tagovailoa,Matt Ryan,127.2413373,197.0719865,-13.49006245,10.90231459,0.519234843,0.480765157,300.8008083,192.3097373,144.5972844,196.5957616,1416.020064,1433.589676,28,30,14,17,16
10/24/2021,2021,0,,NE,NYJ,1475.403755,1337.303835,0.762989011,0.237010989,1491.623732,1321.083858,1483.893835,1352.364298,Mac Jones,Zach Wilson,116.6782166,53.13281942,-7.0656718,-27.62358713,0.74117917,0.25882083,269.209969,34.06997687,131.9313918,51.22653517,1501.757508,1334.500624,54,13,7,16,12
10/24/2021,2021,0,,GB,WSH,1651.721119,1418.701426,0.847553372,0.152446628,1658.992742,1411.429803,1609.089162,1456.016273,Aaron Rodgers,Taylor Heinicke,231.7297255,84.45310126,-2.154492841,-75.14796367,0.836709488,0.163290512,273.8620211,250.6537469,235.9429551,101.0731658,1616.92248,1448.182955,24,10,41,15,28
10/24/2021,2021,0,,LAR,DET,1630.218915,1313.793339,0.89985929,0.10014071,1634.149158,1309.863096,1623.921432,1297.159298,Matthew Stafford,Jared Goff,207.2558725,149.0231528,19.95504386,-8.442637821,0.917350486,0.082649514,283.483024,93.79404634,214.8785877,143.5002422,1627.119734,1293.960996,28,19,21,2,12
10/24/2021,2021,0,,OAK,PHI,1511.783463,1423.894031,0.706843424,0.293156576,1525.406091,1410.271403,1496.996641,1431.410079,Derek Carr,Jalen Hurts,184.530634,162.7885674,-0.147665843,11.5639596,0.66304741,0.33695259,340.280034,194.8788024,200.105574,165.9975909,1512.892898,1415.513821,33,22,33,54,44
10/24/2021,2021,0,,ARI,HOU,1639.29165,1368.465733,0.873599807,0.126400193,1646.520125,1361.237258,1634.518277,1354.996793,Kyler Murray,Davis Mills,237.9857356,68.72045876,11.93904811,-121.1260241,0.937922149,0.062077851,126.5111258,70.58771064,226.8382746,68.90718395,1637.887802,1351.627268,31,5,10,2,6
10/24/2021,2021,0,,TB,CHI,1674.203591,1493.359056,0.804584024,0.195415976,1686.801359,1480.761288,1654.609025,1482.518535,Tom Brady,Justin Fields,264.1410498,58.67471516,28.61235306,-38.59593403,0.847769269,0.152230731,265.7286316,-71.01709932,264.299808,45.70553371,1664.216702,1472.910859,38,3,75,20,48
10/24/2021,2021,0,,SF,IND,1486.064877,1532.284452,0.52700091,0.47299909,1458.797494,1559.551835,1527.622916,1502.48964,Jimmy Garoppolo,Carson Wentz,131.3378088,136.7200758,-0.45727244,-0.858572906,0.657532817,0.342467183,-42.07536114,228.8667607,113.9964918,145.9347443,1492.060363,1538.052192,18,30,56,63,60
10/25/2021,2021,0,,SEA,NO,1529.389118,1613.501299,0.47252307,0.52747693,1516.40083,1626.489586,1522.762468,1575.65854,Geno Smith,Jameis Winston,122.984314,150.9426902,-61.15342975,-11.50434988,0.408724911,0.591275089,30.55152139,137.4611335,113.7410348,149.5945346,1511.751252,1586.669757,10,13,54,90,72
10/28/2021,2021,0,,ARI,GB,1646.520125,1658.992742,0.575022251,0.424977749,1630.187156,1675.325711,1637.887802,1616.92248,Kyler Murray,Aaron Rodgers,226.8382746,235.9429551,5.768365213,0.05984658,0.623547424,0.376452576,79.35735058,158.4346161,212.0901822,228.1921212,1619.881913,1634.928369,21,24,95,79,87
10/31/2021,2021,0,,ATL,CAR,1453.066425,1424.080759,0.632050823,0.367949177,1427.370389,1449.776796,1433.589676,1431.582437,Matt Ryan,Sam Darnold,196.5957616,88.33863017,10.1190864,-23.47698082,0.628728477,0.371271523,-13.44963733,99.93705892,175.5912217,89.49847304,1408.058739,1457.113374,13,19,15,29,22
10/31/2021,2021,0,,CHI,SF,1480.761288,1458.797494,0.622601225,0.377398775,1448.545721,1491.013062,1472.910859,1492.060363,Justin Fields,Jimmy Garoppolo,45.70553371,113.9964918,-43.15072805,-9.105067313,0.513285602,0.486714398,232.5697137,300.5884911,64.39195171,132.6556917,1447.294002,1517.67722,22,33,26,48,37
10/31/2021,2021,0,,HOU,LAR,1361.237258,1634.149158,0.232038356,0.767961644,1349.224267,1646.162149,1351.627268,1627.119734,Davis Mills,Matthew Stafford,68.90718395,214.8785877,-114.9763603,22.76864924,0.116038939,0.883961061,197.970635,267.9918606,81.81352906,220.1899149,1345.960564,1632.786438,22,38,11,3,7
10/31/2021,2021,0,,NYJ,CIN,1321.083858,1539.929747,0.292016987,0.707983013,1342.189211,1518.824393,1334.500624,1540.550656,Mike White,Joe Burrow,35.82018,174.6225932,-42.60190507,13.59217394,0.235058243,0.764941757,313.0758108,115.4657616,63.54574308,168.7069101,1357.888431,1517.162849,34,31,10,16,13
10/31/2021,2021,0,,CLE,PIT,1536.469294,1503.91099,0.636820527,0.363179473,1512.58978,1527.790503,1555.978962,1485.425094,Baker Mayfield,Ben Roethlisberger,151.4370536,182.4945151,-6.509342379,-8.156122863,0.643582996,0.356417004,79.71902969,149.9536341,144.2652512,179.240427,1531.787184,1509.616872,10,15,55,84,70
10/31/2021,2021,0,,DET,PHI,1309.863096,1410.271403,0.449219037,0.550780963,1277.469626,1442.664873,1293.960996,1415.513821,Jared Goff,Jalen Hurts,143.5002422,165.9975909,-10.78196126,12.59027337,0.375794929,0.624205071,10.06232336,129.6851638,130.1564503,162.3663482,1267.486817,1441.988,6,44,1,9,5
10/31/2021,2021,0,,IND,TEN,1559.551835,1588.376095,0.551873748,0.448126252,1543.994834,1603.933096,1538.052192,1579.008961,Carson Wentz,Ryan Tannehill,145.9347443,172.3835517,3.791689986,-9.764777836,0.541069951,0.458930049,75.18265502,164.9246979,138.8595354,171.6376663,1522.852938,1594.208215,31,34,75,85,80
10/31/2021,2021,0,,BUF,MIA,1672.471071,1418.100597,0.862764606,0.137235394,1679.116335,1411.455333,1639.960843,1416.020064,Josh Allen,Tua Tagovailoa,269.5323938,144.5972844,19.23377864,-4.137585782,0.871132541,0.128867459,383.6305414,87.56596108,280.9422086,138.8941521,1646.169844,1409.811063,26,11,62,9,36
10/31/2021,2021,0,,SEA,JAX,1516.40083,1295.76124,0.838115616,0.161884384,1525.624924,1286.537146,1511.751252,1319.920021,Geno Smith,Trevor Lawrence,113.7410348,119.9515499,-62.71739789,-0.008229269,0.725620501,0.274379499,191.2180106,117.6843678,121.4887323,119.7248317,1528.155409,1303.515864,31,7,4,8,6
10/31/2021,2021,0,,LAC,NE,1545.926556,1491.623732,0.665246288,0.334753712,1526.424441,1511.125848,1562.297131,1501.757508,Justin Herbert,Mac Jones,211.8405731,131.9313918,12.73026111,0.914199411,0.718436551,0.281563449,31.67276905,89.73370355,193.8237927,127.711623,1540.786811,1523.267828,24,27,68,64,66
10/31/2021,2021,0,,DEN,WSH,1430.880709,1411.429803,0.619196339,0.380803661,1446.132424,1396.178088,1446.652543,1448.182955,Teddy Bridgewater,Taylor Heinicke,152.2797402,101.0731658,3.984947829,-63.0805332,0.674460093,0.325539907,66.42521104,24.82346613,143.6942873,93.44819585,1459.454989,1435.380509,17,10,12,21,17
10/31/2021,2021,0,,NO,TB,1626.489586,1686.801359,0.506746492,0.493253508,1649.156447,1664.134499,1586.669757,1664.216702,Jameis Winston,Tom Brady,149.5945346,264.299808,-11.60321022,27.2611145,0.415203347,0.584796653,121.2600467,297.9402363,146.7610858,267.6638508,1614.349212,1636.537247,36,27,95,79,87
10/31/2021,2021,0,,MIN,DAL,1511.268476,1549.630723,0.538259871,0.461740129,1493.730205,1567.168995,1513.487174,1584.95387,Kirk Cousins,Cooper Rush,227.7326072,0,17.93877238,-235.0506902,0.799243529,0.200756471,163.7652692,170.2257643,221.3358734,17.02257643,1484.610258,1613.830787,16,20,18,33,26
11/1/2021,2021,0,,KC,NYG,1584.057429,1411.670571,0.79681548,0.20318452,1589.142234,1406.585766,1570.727056,1424.231229,Patrick Mahomes,Daniel Jones,235.8618082,136.7654397,-0.48605195,1.361848181,0.763919576,0.236080424,108.847307,83.8939922,223.1603581,131.478295,1576.717163,1418.241122,20,17,46,28,37
11/4/2021,2021,0,,IND,NYJ,1543.994834,1342.189211,0.822861592,0.177138408,1552.755072,1333.428973,1522.852938,1357.888431,Carson Wentz,Mike White,138.8595354,63.54574308,0.064501023,-26.60902827,0.807606319,0.192393681,283.5687645,70.18475405,153.3304583,64.20964418,1532.435995,1348.305375,45,30,13,19,16
11/7/2021,2021,0,,DAL,DEN,1567.168995,1446.132424,0.744770426,0.255229574,1523.105369,1490.19605,1613.830787,1459.454989,Dak Prescott,Teddy Bridgewater,262.7746104,143.6942873,30.9651665,-0.50702602,0.802424046,0.197575954,103.0785838,143.9932968,246.8050078,143.7241882,1564.962585,1508.32319,16,30,71,27,49
11/7/2021,2021,0,,CIN,CLE,1518.824393,1512.58978,0.601102121,0.398897879,1478.344712,1553.069461,1517.162849,1531.787184,Joe Burrow,Baker Mayfield,168.7069101,144.2652512,9.954723658,-9.769776456,0.586885809,0.413114191,-20.59775657,149.2183113,149.7764434,144.7605572,1477.829755,1571.120278,16,41,61,91,76
11/7/2021,2021,0,,NYG,OAK,1406.585766,1525.406091,0.423159971,0.576840029,1431.177475,1500.814382,1418.241122,1512.892898,Daniel Jones,Derek Carr,131.478295,200.105574,-1.349816603,7.647187453,0.407910309,0.592089691,56.73115328,125.4812327,124.0035808,192.6431398,1443.611908,1487.522113,23,16,32,37,35
11/7/2021,2021,0,,CAR,NE,1449.776796,1511.125848,0.505253943,0.494746057,1419.973548,1540.929095,1457.113374,1523.267828,Sam Darnold,Mac Jones,89.49847304,127.711623,-21.72321034,-1.241394974,0.45860671,0.54139329,-77.52457839,33.05913555,72.7961679,118.2463743,1430.455907,1549.925296,6,24,36,64,50
11/7/2021,2021,0,,JAX,BUF,1286.537146,1679.116335,0.131735829,0.868264171,1314.82217,1650.83131,1303.515864,1646.169844,Trevor Lawrence,Josh Allen,119.7248317,280.9422086,-0.12117691,23.97699709,0.144992091,0.855007909,40.58395404,28.17340112,111.8107439,255.6653279,1331.084457,1618.601252,9,6,30,9,20
11/7/2021,2021,0,,NO,ATL,1649.156447,1427.370389,0.839009038,0.160990962,1627.958186,1448.56865,1614.349212,1408.058739,Trevor Siemian,Matt Ryan,89.72471747,175.5912217,-69.4761424,-0.889137863,0.753817226,0.246182774,151.666497,376.0695155,95.91889542,195.6390511,1596.18069,1426.227261,25,27,34,47,41
11/7/2021,2021,0,,BAL,MIN,1594.888939,1493.730205,0.722417804,0.277582196,1602.0447,1486.574443,1590.071778,1484.610258,Lamar Jackson,Kirk Cousins,220.0704339,221.3358734,5.444997546,13.84346686,0.739013396,0.260986604,311.8307671,243.7685404,229.2464672,223.5791401,1596.75831,1477.923725,34,31,71,45,58
11/7/2021,2021,0,,MIA,HOU,1411.455333,1349.224267,0.67533191,0.32466809,1424.942701,1335.736898,1409.811063,1345.960564,Jacoby Brissett,Tyrod Taylor,132.3201677,143.5136101,-13.35625709,-41.0742886,0.703887064,0.296112936,-33.20144145,-145.7646946,115.7680068,114.5857797,1421.99084,1333.780787,17,9,1,1,1
11/7/2021,2021,0,,PHI,LAC,1442.664873,1526.424441,0.473029018,0.526970982,1429.660612,1539.428702,1441.988,1540.786811,Jalen Hurts,Justin Herbert,162.3663482,193.8237927,10.14513835,3.085357852,0.461015508,0.538984492,220.5133094,457.3354982,168.1810443,220.1749633,1429.361723,1553.413088,24,27,47,71,59
11/7/2021,2021,0,,KC,GB,1589.142234,1675.325711,0.469552245,0.530447755,1609.987018,1654.480926,1576.717163,1634.928369,Patrick Mahomes,Jordan Love,223.1603581,101.56608,-6.812474412,-130.4446039,0.669239928,0.330760072,84.26577407,52.60558361,209.2708997,96.67003036,1588.911168,1622.734364,13,7,67,68,68
11/7/2021,2021,0,,SF,ARI,1491.013062,1630.187156,0.394847613,0.605152387,1470.325219,1650.874998,1517.67722,1619.881913,Jimmy Garoppolo,Colt McCoy,132.6556917,120.6754144,0.679786017,-93.30886706,0.570527469,0.429472531,155.0991763,220.907519,134.9000402,130.6986249,1486.068022,1651.491111,17,31,60,69,65
11/7/2021,2021,0,,LAR,TEN,1646.162149,1603.933096,0.649595132,0.350404868,1611.131149,1638.964096,1632.786438,1594.208215,Matthew Stafford,Ryan Tannehill,220.1899149,171.6376663,24.28588042,-9.649481632,0.68463434,0.31536566,150.9198133,110.1583943,213.2629048,165.4897391,1595.375542,1631.619111,16,28,94,56,75
11/8/2021,2021,0,,PIT,CHI,1527.790503,1448.545721,0.696426756,0.303573244,1534.050263,1442.285961,1509.616872,1447.294002,Ben Roethlisberger,Justin Fields,179.240427,64.39195171,-9.375360767,-31.64998265,0.692742883,0.307257117,117.5553575,176.0193692,173.07192,75.55469346,1515.960757,1440.950116,29,27,26,36,31
11/11/2021,2021,0,,MIA,BAL,1424.942701,1602.0447,0.344046974,0.655953026,1460.399125,1566.588276,1421.99084,1596.75831,Jacoby Brissett,Lamar Jackson,115.7680068,229.2464672,-20.96452469,9.760764329,0.300577606,0.699422394,-18.26359562,59.15983113,102.3648465,212.2378036,1460.434204,1558.314947,22,10,47,18,33
11/14/2021,2021,0,,PIT,DET,1534.050263,1277.469626,0.864264058,0.135735942,1522.940764,1288.579125,1515.960757,1267.486817,Mason Rudolph,Jared Goff,70.66797769,130.1564503,-114.3947885,-16.91475913,0.740120692,0.259879308,150.2271967,-26.52530822,78.62389959,114.4882745,1508.637442,1274.810132,16,16,0,17,9
11/14/2021,2021,0,,NE,CLE,1540.929095,1553.069461,0.575489565,0.424510435,1571.303684,1522.694872,1549.925296,1571.120278,Mac Jones,Baker Mayfield,118.2463743,144.7605572,-5.911949598,-9.033634631,0.556010119,0.443989881,235.8184223,-34.41205846,130.0035791,126.8432957,1581.889132,1539.156442,45,7,74,94,84
11/14/2021,2021,0,,WSH,TB,1396.178088,1664.134499,0.237160411,0.762839589,1436.48027,1623.832316,1435.380509,1636.537247,Taylor Heinicke,Tom Brady,93.44819585,267.6638508,-63.73899153,27.58008019,0.206185112,0.793814888,161.6933353,118.1802415,100.2727098,252.7154899,1477.985398,1593.932359,29,19,50,17,34
11/14/2021,2021,0,,TEN,NO,1638.964096,1627.958186,0.607669176,0.392330824,1647.296613,1619.625669,1631.619111,1596.18069,Ryan Tannehill,Trevor Siemian,165.4897391,95.91889542,-12.24097115,-62.90524631,0.694892126,0.305107874,201.1423308,115.2901136,169.0549983,97.85601724,1637.913897,1589.885904,23,21,83,68,76
11/14/2021,2021,0,,NYJ,BUF,1333.428973,1650.83131,0.189548795,0.810451205,1321.97745,1662.282834,1348.305375,1618.601252,Mike White,Josh Allen,64.20964418,255.6653279,-24.94662631,10.13970686,0.192334658,0.807665342,-43.31895264,218.8666173,53.45678449,251.9854568,1336.670682,1630.235944,17,45,28,10,19
11/14/2021,2021,0,,IND,JAX,1552.755072,1314.82217,0.851171875,0.148828125,1557.846168,1309.731075,1532.435995,1331.084457,Carson Wentz,Trevor Lawrence,153.3304583,111.8107439,7.29673743,-4.072161948,0.825960272,0.174039728,38.61102208,-14.86819263,141.8585147,99.14285029,1538.467625,1325.052827,23,17,15,16,16
11/14/2021,2021,0,,DAL,ATL,1523.105369,1448.56865,0.690666678,0.309333322,1544.709727,1426.964291,1564.962585,1426.227261,Dak Prescott,Matt Ryan,246.8050078,195.6390511,21.43210684,9.179233723,0.769010677,0.230989323,324.8894632,-130.870077,254.6134533,162.9881383,1580.630498,1410.559348,43,3,52,29,41
11/14/2021,2021,0,,LAC,MIN,1539.428702,1486.574443,0.663386781,0.336613219,1510.277593,1515.725552,1553.413088,1477.923725,Justin Herbert,Kirk Cousins,220.1749633,223.5791401,16.10667523,14.27292686,0.689329034,0.310670966,95.89551976,234.2039349,207.7470189,224.6416196,1522.819376,1508.517437,20,27,64,59,62
11/14/2021,2021,0,,ARI,CAR,1650.874998,1419.973548,0.845971193,0.154028807,1587.950023,1482.898523,1651.491111,1430.455907,Colt McCoy,P.J. Walker,130.6986249,6.430716834,-83.63181848,-95.35365346,0.845230052,0.154769948,-78.51753021,112.9905085,109.7770094,17.086696,1588.653807,1493.293211,10,34,20,30,25
11/14/2021,2021,0,,DEN,PHI,1490.19605,1429.660612,0.673188112,0.326811888,1448.925828,1470.930834,1508.32319,1429.361723,Teddy Bridgewater,Jalen Hurts,143.7241882,168.1810443,-0.466724243,12.54522949,0.675372887,0.324627113,86.61501432,205.8009457,138.0132708,171.9430344,1466.88451,1470.800403,13,30,35,58,47
11/14/2021,2021,0,,GB,SEA,1654.480926,1525.624924,0.753232036,0.246767964,1667.590759,1512.515092,1622.734364,1528.155409,Aaron Rodgers,Russell Wilson,228.1921212,188.2744224,5.151692317,11.07801085,0.672806735,0.327193265,121.9964405,-63.86122362,217.5725531,163.0608578,1640.629871,1510.259902,17,0,85,68,77
11/14/2021,2021,0,,OAK,KC,1500.814382,1609.987018,0.436770786,0.563229214,1472.279135,1638.522266,1487.522113,1588.911168,Derek Carr,Patrick Mahomes,192.6431398,209.2708997,3.533611016,-13.41657989,0.464317769,0.535682231,178.9715954,492.7608866,191.2759854,237.6198984,1456.923519,1619.509762,14,41,65,95,80
11/15/2021,2021,0,,SF,LAR,1470.325219,1611.131149,0.392605309,0.607394691,1509.214906,1572.241462,1486.068022,1595.375542,Jimmy Garoppolo,Matthew Stafford,134.9000402,213.2629048,1.767970947,19.60808132,0.399543305,0.600456695,227.7067656,38.88843409,144.1807127,195.8254577,1524.422509,1557.021055,31,10,72,52,62
11/18/2021,2021,0,,ATL,NE,1426.964291,1571.303684,0.387765582,0.612234418,1402.576252,1595.691724,1410.559348,1581.889132,Matt Ryan,Mac Jones,162.9881383,130.0035791,-7.605184367,0.262250283,0.333188237,0.666811763,-35.36516452,31.74128101,143.152808,120.1773493,1389.975814,1602.472666,0,25,42,48,45
11/21/2021,2021,0,,JAX,SF,1309.731075,1509.214906,0.315581811,0.684418189,1291.622138,1527.323843,1325.052827,1524.422509,Trevor Lawrence,Jimmy Garoppolo,99.14285029,144.1807127,-10.20250068,6.319908672,0.294932149,0.705067851,48.4603034,125.086762,94.0745956,142.2713176,1308.250601,1541.224734,10,30,11,22,17
11/21/2021,2021,0,,TEN,HOU,1647.296613,1335.736898,0.897306803,0.102693197,1597.440573,1385.592938,1637.913897,1333.780787,Ryan Tannehill,Tyrod Taylor,169.0549983,114.5857797,-9.84629301,-53.48448941,0.899357413,0.100642587,21.22492164,172.521899,154.2719906,120.3793916,1587.836802,1383.857881,13,22,17,8,13
11/21/2021,2021,0,,NYJ,MIA,1321.97745,1460.399125,0.395883008,0.604116992,1306.044864,1476.331711,1336.670682,1460.434204,Joe Flacco,Tua Tagovailoa,100.8872886,138.8941521,18.35477923,9.911427004,0.42013702,0.57986298,194.4381306,246.4995775,110.2423728,149.6546946,1319.631204,1477.473683,17,24,10,3,7
11/21/2021,2021,0,,CLE,DET,1522.694872,1288.579125,0.848366801,0.151633199,1526.395846,1284.878151,1539.156442,1274.810132,Baker Mayfield,Tim Boyle,126.8432957,0,-17.54058368,-138.3913836,0.926631026,0.073368974,-50.03787215,-48.91620783,109.1551789,-4.891620783,1540.851267,1273.115307,13,10,0,3,2
11/21/2021,2021,0,,CHI,BAL,1442.285961,1566.588276,0.415476345,0.584523655,1431.068874,1577.805363,1440.950116,1558.314947,Justin Fields,Tyler Huntley,75.55469346,0,-24.48611264,-211.4694093,0.705823367,0.294176633,20.89587518,33.43388066,70.08881163,3.343388066,1419.927747,1579.337316,13,16,4,26,15
11/21/2021,2021,0,,MIN,GB,1515.725552,1667.590759,0.377532133,0.622467867,1533.693475,1649.622836,1508.517437,1640.629871,Kirk Cousins,Aaron Rodgers,224.6416196,217.5725531,14.09052026,-0.415676334,0.41230008,0.58769992,322.0981286,424.6970348,234.3872705,238.2850013,1525.281146,1623.866161,34,31,84,92,88
11/21/2021,2021,0,,PHI,NO,1470.930834,1619.625669,0.381830429,0.618169571,1502.867685,1587.688819,1470.800403,1589.885904,Jalen Hurts,Trevor Siemian,171.9430344,97.85601724,13.79896309,-58.79142308,0.518492914,0.481507086,232.6315053,174.6505546,178.0118815,105.535471,1494.59138,1566.094928,40,29,52,93,73
11/21/2021,2021,0,,CAR,WSH,1482.898523,1436.48027,0.65506422,0.34493578,1456.044593,1463.334201,1493.293211,1477.985398,Cam Newton,Taylor Heinicke,138.1920962,100.2727098,35.84741897,-57.13978497,0.720662673,0.279337327,299.6775204,244.8146373,154.3406386,114.7269026,1462.977587,1508.301022,21,27,34,58,46
11/21/2021,2021,0,,BUF,IND,1662.282834,1557.846168,0.726185744,0.273814256,1610.420798,1609.708204,1630.235944,1538.467625,Josh Allen,Carson Wentz,251.9854568,141.8585147,7.792785989,1.195928749,0.709485585,0.290514415,101.341508,164.733286,236.9210619,144.1459918,1579.921569,1588.782001,15,41,86,69,78
11/21/2021,2021,0,,OAK,CIN,1472.279135,1478.344712,0.584009252,0.415990748,1436.325282,1514.298564,1456.923519,1477.829755,Derek Carr,Joe Burrow,191.2759854,149.7764434,2.673353245,-0.008245857,0.526623707,0.473376293,81.33368672,57.56913332,180.2817555,140.5557124,1425.103212,1509.650062,13,32,32,86,59
11/21/2021,2021,0,,SEA,ARI,1512.515092,1587.950023,0.484987441,0.515012559,1489.36591,1611.099205,1510.259902,1588.653807,Russell Wilson,Colt McCoy,163.0608578,109.7770094,-2.082671996,-89.91103531,0.597814761,0.402185239,2.367274122,343.2329094,146.9914994,133.1225994,1480.663647,1618.250063,13,23,50,68,59
11/21/2021,2021,0,,KC,DAL,1638.522266,1544.709727,0.713858529,0.286141471,1651.321096,1531.910897,1619.509762,1580.630498,Patrick Mahomes,Dak Prescott,237.6198984,254.6134533,1.428748449,24.26472427,0.603373623,0.396626377,49.21971784,-98.30069331,218.7798803,219.3220387,1637.921196,1562.219064,19,9,93,61,77
11/21/2021,2021,0,,LAC,PIT,1510.277593,1522.940764,0.574754172,0.425245828,1523.647661,1509.570696,1522.819376,1508.637442,Justin Herbert,Ben Roethlisberger,207.7470189,173.07192,9.087369296,-10.24906772,0.63618775,0.36381225,502.4372482,233.6800292,237.2160418,179.1327309,1534.035105,1497.421714,41,37,56,90,73
11/22/2021,2021,0,,TB,NYG,1623.832316,1431.177475,0.815052495,0.184947505,1633.91322,1421.096572,1593.932359,1443.611908,Tom Brady,Daniel Jones,252.7154899,124.0035808,18.72689572,-5.019682857,0.768155858,0.231844142,231.7034621,-1.195040405,250.6142871,111.4837187,1606.829493,1430.714773,30,10,59,16,38
11/25/2021,2021,0,,DET,CHI,1284.878151,1431.068874,0.385238593,0.614761407,1276.714859,1439.232166,1273.115307,1419.927747,Jared Goff,Andy Dalton,114.4882745,116.4158549,-14.53772953,20.33229533,0.326559235,0.673440765,226.0984776,133.9303125,125.6492948,118.1673006,1266.327978,1426.715075,14,16,1,1,1
11/25/2021,2021,0,,DAL,OAK,1531.910897,1436.325282,0.715938827,0.284061173,1510.497845,1457.738334,1562.219064,1425.103212,Dak Prescott,Derek Carr,219.3220387,180.2817555,5.405780722,-2.957429351,0.764654414,0.235345586,309.7469677,248.685023,228.3645316,187.1220823,1538.843294,1448.478982,33,36,44,19,32
11/25/2021,2021,0,,NO,BUF,1587.688819,1610.420798,0.560530241,0.439469759,1550.44809,1647.661527,1566.094928,1579.921569,Trevor Siemian,Josh Allen,105.535471,236.9210619,-52.01212506,-0.129050749,0.490835506,0.509164494,77.26291272,306.436221,102.7082152,243.8725778,1534.203462,1611.813035,6,31,71,83,77
11/28/2021,2021,0,,CIN,PIT,1514.298564,1509.570696,0.599020586,0.400979414,1541.238492,1482.630768,1509.650062,1497.421714,Joe Burrow,Ben Roethlisberger,140.5557124,179.1327309,-4.618199067,-6.706208879,0.599871745,0.400128255,204.3716768,3.313293399,146.9373088,161.5507872,1536.525513,1470.546263,41,10,47,88,68
11/28/2021,2021,0,,NYG,PHI,1421.096572,1502.867685,0.475883157,0.524116843,1441.650948,1482.313308,1430.714773,1494.59138,Daniel Jones,Jalen Hurts,111.4837187,178.0118815,-11.02862977,16.14343848,0.448793044,0.551206956,141.7943179,-36.32542002,114.5147786,156.5781513,1452.520682,1472.785472,13,7,30,57,44
11/28/2021,2021,0,,JAX,ATL,1291.622138,1402.576252,0.434249689,0.565750311,1273.931723,1420.266667,1308.250601,1389.975814,Trevor Lawrence,Matt Ryan,94.0745956,143.152808,-12.22650299,-17.14259029,0.47030406,0.52969594,79.62050798,57.08871491,92.62918684,134.5463987,1288.87317,1409.353246,14,21,1,3,2
11/28/2021,2021,0,,MIA,CAR,1476.331711,1456.044593,0.620330701,0.379669299,1499.563285,1432.813019,1477.473683,1462.977587,Tua Tagovailoa,Cam Newton,149.6546946,154.3406386,14.79612692,42.12931924,0.564020202,0.435979798,226.9301965,-181.2874849,157.3822448,120.7778263,1504.632817,1435.818452,33,10,48,31,40
11/28/2021,2021,0,,NE,TEN,1595.691724,1597.440573,0.590033264,0.409966736,1621.021409,1572.110887,1602.472666,1587.836802,Mac Jones,Ryan Tannehill,120.1773493,154.2719906,-4.663977134,-16.74548219,0.620510548,0.379489452,255.272095,53.81938472,133.6868238,144.22673,1625.691888,1564.617581,36,13,85,93,89
11/28/2021,2021,0,,HOU,NYJ,1385.592938,1306.044864,0.696795739,0.303204261,1354.576098,1337.061705,1383.857881,1319.631204,Tyrod Taylor,Zach Wilson,120.3793916,51.22653517,-47.91345897,-36.90125523,0.65829844,0.34170156,14.03088961,-40.59003343,109.7445414,42.04487831,1354.985058,1348.504027,14,21,0,1,1
11/28/2021,2021,0,,IND,TB,1609.708204,1633.91322,0.558440379,0.441559621,1586.044522,1657.576902,1588.782001,1606.829493,Carson Wentz,Tom Brady,144.1459918,250.6142871,2.279870879,16.73994954,0.537145102,0.462854898,173.7310026,122.6407236,147.1044929,237.8169308,1566.177066,1629.434427,31,38,91,68,80
11/28/2021,2021,0,,DEN,LAC,1448.925828,1523.647661,0.486012808,0.513987192,1477.553838,1495.019652,1466.88451,1534.035105,Teddy Bridgewater,Justin Herbert,138.0132708,237.2160418,-3.298846727,23.3675123,0.484942689,0.515057311,159.2623188,183.2671894,140.1381756,231.8211566,1495.581874,1505.337741,28,13,53,84,69
11/28/2021,2021,0,,GB,LAR,1649.622836,1572.241462,0.6941542,0.3058458,1662.246111,1559.618187,1623.866161,1557.021055,Aaron Rodgers,Matthew Stafford,238.2850013,195.8254577,9.961331567,9.908953718,0.645299077,0.354700923,327.1677183,192.7695132,247.173273,195.5198633,1638.749988,1542.137228,36,28,90,57,74
11/28/2021,2021,0,,SF,MIN,1527.323843,1533.693475,0.583583973,0.416416027,1545.148016,1515.869302,1541.224734,1525.281146,Jimmy Garoppolo,Kirk Cousins,142.2713176,234.3872705,5.049215702,18.2588197,0.591171793,0.408828207,82.99847406,150.9435792,136.3440333,226.0429014,1558.682083,1507.823798,34,26,71,96,84
11/28/2021,2021,0,,BAL,CLE,1577.805363,1526.395846,0.661527129,0.338472871,1590.316132,1513.885078,1579.337316,1540.851267,Lamar Jackson,Baker Mayfield,212.2378036,109.1551789,9.67017074,-25.50761289,0.67868921,0.32131079,-20.43410642,74.92737243,188.9706126,105.7323982,1591.144975,1529.043607,16,10,74,88,81
11/29/2021,2021,0,,WSH,SEA,1463.334201,1489.36591,0.555845898,0.444154102,1472.923412,1479.776699,1508.301022,1480.663647,Taylor Heinicke,Russell Wilson,114.7269026,146.9914994,-47.05569935,-10.01321758,0.57838978,0.42161022,150.477555,180.3799354,118.3019678,150.330343,1517.339106,1471.625562,17,15,31,61,46
12/2/2021,2021,0,,NO,DAL,1550.44809,1510.497845,0.646603397,0.353396603,1517.884931,1543.061004,1534.203462,1538.843294,Taysom Hill,Dak Prescott,68.40223077,228.3645316,-85.13113111,9.656738136,0.438999449,0.561000551,99.92706283,122.120701,71.55471397,217.7401485,1513.549894,1559.496863,17,27,47,79,63
12/5/2021,2021,0,,MIA,NYG,1499.563285,1441.650948,0.669857425,0.330142575,1515.102585,1426.111648,1504.632817,1452.520682,Tua Tagovailoa,Mike Glennon,157.3822448,119.4033682,17.92009567,-4.073078675,0.683133505,0.316866495,231.107142,-53.78681966,164.7547345,102.0843495,1519.47987,1437.673629,20,9,40,15,28
12/5/2021,2021,0,,DET,MIN,1276.714859,1515.869302,0.268447513,0.731552487,1294.170519,1498.413641,1266.327978,1507.823798,Jared Goff,Kirk Cousins,125.6492948,226.0429014,-8.230332898,13.17369415,0.234282545,0.765717455,172.8648414,251.9400879,130.3708494,228.63262,1284.888152,1489.263624,29,27,4,29,17
12/5/2021,2021,0,,CHI,ARI,1439.232166,1611.099205,0.35087936,0.64912064,1422.601945,1627.729425,1426.715075,1618.250063,Andy Dalton,Kyler Murray,118.1673006,212.0901822,20.19140344,5.224894314,0.307871017,0.692128983,-14.94479857,326.9598448,104.8560907,223.5771485,1412.334352,1632.630786,22,33,64,47,56
12/5/2021,2021,0,,HOU,IND,1354.576098,1586.044522,0.277224848,0.722775152,1336.712062,1603.908558,1354.985058,1566.177066,Tyrod Taylor,Carson Wentz,109.7445414,147.1044929,-50.83521112,3.645127878,0.232784932,0.767215068,-101.9850215,133.6657593,88.5715851,145.7606195,1340.238402,1580.923723,0,31,15,33,24
12/5/2021,2021,0,,NYJ,PHI,1337.061705,1482.313308,0.386519688,0.613480312,1316.382826,1502.992186,1348.504027,1472.785472,Zach Wilson,Gardner Minshew,42.04487831,145.2725926,-39.6470209,-6.6861573,0.357417724,0.642582276,130.380893,201.3956361,50.87847978,150.8848969,1329.561951,1491.727547,18,33,4,16,10
12/5/2021,2021,0,,ATL,TB,1420.266667,1657.576902,0.27053746,0.72946254,1407.02455,1670.819019,1409.353246,1629.434427,Matt Ryan,Tom Brady,134.5463987,237.8169308,-20.58866543,9.504273889,0.247135926,0.752864074,116.1707435,367.3257736,132.7088332,250.767815,1397.363727,1641.423945,17,30,50,31,41
12/5/2021,2021,0,,CIN,LAC,1541.238492,1495.019652,0.654804798,0.345195202,1499.917134,1536.34101,1536.525513,1505.337741,Joe Burrow,Justin Herbert,146.9373088,231.8211566,-1.196490892,19.50169406,0.603671014,0.396328986,200.1054938,323.2139197,152.2541273,240.9604329,1499.113724,1542.74953,22,41,64,96,80
12/5/2021,2021,0,,LAR,JAX,1559.618187,1273.931723,0.882747923,0.117252077,1566.563868,1266.986042,1542.137228,1288.87317,Matthew Stafford,Trevor Lawrence,195.5198633,92.62918684,9.260708805,-12.33788222,0.875273492,0.124726508,275.6305702,47.76562344,203.5309339,88.1428305,1549.561218,1281.449179,37,7,7,4,6
12/5/2021,2021,0,,OAK,WSH,1457.738334,1472.923412,0.57120219,0.42879781,1444.89697,1485.764775,1448.478982,1517.339106,Derek Carr,Taylor Heinicke,187.1220823,118.3019678,0.610605488,-42.91538176,0.554542589,0.445457411,168.6872297,157.6059103,185.278597,122.232362,1436.079981,1529.738107,15,17,29,71,50
12/5/2021,2021,0,,PIT,BAL,1482.630768,1590.316132,0.438878043,0.561121957,1490.563484,1582.383416,1470.546263,1591.144975,Ben Roethlisberger,Lamar Jackson,161.5507872,188.9706126,-15.16187031,-2.446933299,0.39024955,0.60975045,235.8172948,69.04938398,168.977438,176.9784897,1479.307944,1582.383294,20,19,58,66,62
12/5/2021,2021,0,,SEA,SF,1479.776699,1545.148016,0.499465632,0.500534368,1500.596852,1524.327863,1471.625562,1558.682083,Russell Wilson,Jimmy Garoppolo,150.330343,136.3440333,-7.8431349,1.833112738,0.444110946,0.555889054,172.0726913,145.8899683,152.5045779,137.2986268,1495.161553,1535.146093,30,23,54,46,50
12/5/2021,2021,0,,KC,DEN,1651.321096,1477.553838,0.798098944,0.201901056,1660.934335,1467.940599,1637.921196,1495.581874,Patrick Mahomes,Teddy Bridgewater,218.7798803,140.1381756,-8.062698001,-2.071451994,0.778751771,0.221248229,83.32012094,52.11063237,205.2339044,131.3354213,1648.54343,1484.95964,22,9,77,76,77
12/6/2021,2021,0,,BUF,NE,1647.661527,1621.021409,0.628905188,0.371094812,1626.537956,1642.14498,1611.813035,1625.691888,Josh Allen,Mac Jones,243.8725778,133.6868238,3.353159742,2.323959011,0.562556407,0.437443593,149.4347065,34.7560581,234.4287907,123.7937473,1593.338083,1644.166839,10,14,94,91,93
12/9/2021,2021,0,,MIN,PIT,1498.413641,1490.563484,0.603329905,0.396670095,1515.286388,1473.690738,1489.263624,1479.307944,Kirk Cousins,Ben Roethlisberger,228.63262,168.977438,13.80986877,-10.69045142,0.629953098,0.370046902,98.8932058,182.6678903,215.6586786,170.3464832,1504.869552,1463.702016,36,28,41,71,56
12/12/2021,2021,0,,NYJ,NO,1316.382826,1517.884931,0.313077808,0.686922192,1298.158824,1536.108933,1329.561951,1513.549894,Zach Wilson,Taysom Hill,50.87847978,71.55471397,-33.24786912,-79.29833295,0.389250409,0.610749591,26.22095694,224.2921454,48.41272749,86.82845711,1306.324706,1536.787139,9,30,2,10,6
12/12/2021,2021,0,,CAR,ATL,1432.813019,1407.02455,0.627760308,0.372239692,1404.038979,1435.79859,1435.818452,1397.363727,Cam Newton,Matt Ryan,120.7778263,132.7088332,23.2414471,-20.47801491,0.718849303,0.281150697,93.17577593,179.9099777,118.0176212,137.4289476,1401.699876,1431.482303,21,29,12,13,13
12/12/2021,2021,0,,HOU,SEA,1336.712062,1500.596852,0.3614153,0.6385847,1315.651926,1521.656989,1340.238402,1495.161553,Davis Mills,Russell Wilson,81.81352906,152.5045779,-65.63798476,-6.363860742,0.294667943,0.705332057,233.6017609,238.1587623,96.99235224,161.0699963,1323.452805,1511.94715,13,33,3,2,3
12/12/2021,2021,0,,WSH,DAL,1485.764775,1543.061004,0.511084801,0.488915199,1464.434664,1564.391116,1529.738107,1559.496863,Taylor Heinicke,Dak Prescott,122.232362,217.7401485,-38.80441555,3.8617097,0.481888792,0.518111208,-78.0229993,-82.00084079,102.2068259,187.7660496,1509.810957,1579.424012,20,27,62,62,62
12/12/2021,2021,0,,TEN,JAX,1572.110887,1266.986042,0.893842892,0.106157108,1577.643964,1261.452965,1564.617581,1281.449179,Ryan Tannehill,Trevor Lawrence,144.22673,88.1428305,-20.93083838,-13.96416628,0.887155113,0.112844887,82.62533269,-155.5052187,138.0665903,63.77802558,1570.526636,1275.540124,20,0,6,5,6
12/12/2021,2021,0,,CLE,BAL,1513.885078,1582.383416,0.494965657,0.505034343,1524.99949,1571.269003,1529.043607,1582.383294,Baker Mayfield,Lamar Jackson,105.7323982,176.9784897,-25.94362257,-8.320648065,0.514777946,0.485222054,197.9227211,30.05388992,114.9514305,162.2860298,1539.655479,1571.771422,24,22,68,85,77
12/12/2021,2021,0,,KC,OAK,1660.934335,1444.89697,0.834488891,0.165511109,1671.762154,1434.069151,1648.54343,1436.079981,Patrick Mahomes,Derek Carr,205.2339044,185.278597,-14.43255107,-0.341667417,0.815329848,0.184670152,215.3619058,109.5313918,206.2467045,177.7038765,1660.737999,1423.885413,48,9,63,31,47
12/12/2021,2021,0,,LAC,NYG,1536.34101,1426.111648,0.732765913,0.267234087,1550.366506,1412.086151,1542.74953,1437.673629,Justin Herbert,Mike Glennon,240.9604329,102.0843495,23.09624751,-12.52893414,0.765487476,0.234512524,300.6980759,102.6165102,246.9341972,102.1375655,1554.902742,1425.520418,37,21,44,28,36
12/12/2021,2021,0,,DEN,DET,1467.940599,1294.170519,0.798101561,0.201898439,1480.206404,1281.904714,1484.95964,1284.888152,Teddy Bridgewater,Jared Goff,131.3354213,130.3708494,-6.369256558,-5.458038923,0.81603419,0.18396581,151.5293745,106.5104059,133.3548166,127.9848051,1496.045002,1273.802789,38,10,3,5,4
12/12/2021,2021,0,,TB,BUF,1670.819019,1626.537956,0.652279095,0.347720905,1683.711291,1613.645683,1641.423945,1593.338083,Tom Brady,Josh Allen,250.767815,234.4287907,15.50450234,-1.536391811,0.671627684,0.328372316,414.4645462,416.8984974,267.1374882,252.6757614,1653.520144,1581.241884,33,27,94,66,80
12/12/2021,2021,0,,CIN,SF,1499.917134,1524.327863,0.558148358,0.441851642,1484.151098,1540.0939,1499.113724,1535.146093,Joe Burrow,Jimmy Garoppolo,152.2541273,137.2986268,1.521742903,2.21875385,0.53796397,0.46203603,209.3053477,141.0295148,157.9592494,137.6717156,1484.01682,1550.242996,23,26,58,92,75
12/12/2021,2021,0,,GB,CHI,1662.246111,1422.601945,0.852415449,0.147584551,1669.434523,1415.413533,1638.749988,1412.334352,Aaron Rodgers,Justin Fields,247.173273,70.08881163,13.90740084,-22.24105078,0.878274672,0.121725328,355.1281436,174.8473285,257.96876,80.56466332,1644.58876,1406.495579,45,30,53,10,32
12/13/2021,2021,0,,ARI,LAR,1627.729425,1566.563868,0.67398563,0.32601437,1597.993877,1596.299416,1632.630786,1549.561218,Kyler Murray,Matthew Stafford,223.5771485,203.5309339,10.70713272,12.80320871,0.688003309,0.311996691,197.4736333,293.9887324,220.966797,212.5767138,1602.111815,1580.08019,23,30,90,71,81
12/16/2021,2021,0,,LAC,KC,1550.366506,1671.762154,0.419545499,0.580454501,1534.446645,1687.682015,1554.902742,1660.737999,Justin Herbert,Patrick Mahomes,246.9341972,206.2467045,24.92831729,-13.20452345,0.489595974,0.510404026,217.5411132,394.4519757,243.9948888,225.0672316,1535.910964,1679.729776,28,34,93,80,87
12/18/2021,2021,0,,IND,NE,1603.908558,1642.14498,0.538439882,0.461560118,1625.777967,1620.27557,1580.923723,1644.166839,Carson Wentz,Mac Jones,145.7606195,123.7937473,2.790934803,-2.738777226,0.50066634,0.49933366,29.39926219,158.5005206,134.1244838,127.2644246,1604.86568,1620.224882,27,17,92,98,95
12/19/2021,2021,0,,PIT,TEN,1473.690738,1577.643964,0.444175511,0.555824489,1495.712343,1555.622359,1463.702016,1570.526636,Ben Roethlisberger,Ryan Tannehill,170.3464832,138.0665903,-9.471406226,-22.96436632,0.447739373,0.552260627,50.56633325,78.07483653,158.3684682,132.0674149,1485.557081,1548.67157,19,13,48,83,66
12/19/2021,2021,0,,NYG,DAL,1412.086151,1564.391116,0.376937422,0.623062578,1391.982112,1584.495154,1425.520418,1579.424012,Mike Glennon,Dak Prescott,102.1375655,187.7660496,-11.87587939,-11.31842525,0.368042927,0.631957073,-109.4655583,139.4394631,80.97725314,182.9333909,1405.947338,1598.997092,6,21,42,5,24
12/19/2021,2021,0,,JAX,HOU,1261.452965,1315.651926,0.51553894,0.48446106,1233.393097,1343.711794,1275.540124,1323.452805,Trevor Lawrence,Davis Mills,63.77802558,96.99235224,-25.44836043,-54.76667393,0.556897673,0.443102327,50.65711521,105.5203571,62.46593454,97.84515272,1244.823574,1354.169355,16,30,0,0,0
12/19/2021,2021,0,,MIA,NYJ,1515.102585,1298.158824,0.83520828,0.16479172,1521.177537,1292.083872,1519.47987,1306.324706,Tua Tagovailoa,Zach Wilson,164.7547345,48.41272749,20.71033574,-32.8183518,0.882952601,0.117047399,42.4338291,4.968812338,152.522644,44.06833598,1523.6779,1302.126676,31,24,6,2,4
12/19/2021,2021,0,,DET,ARI,1281.904714,1597.993877,0.190712772,0.809287228,1335.702692,1544.1959,1273.802789,1602.111815,Jared Goff,Kyler Murray,127.9848051,220.966797,-6.378159152,8.866600328,0.16493018,0.83506982,271.3355868,29.40919678,142.3198832,201.811037,1330.202533,1545.712071,30,12,13,2,8
12/19/2021,2021,0,,BUF,CAR,1613.645683,1404.038979,0.829312587,0.170687413,1622.417745,1395.266917,1581.241884,1401.699876,Josh Allen,Cam Newton,252.6757614,118.0176212,7.663913112,20.69927223,0.78370412,0.21629588,116.1007698,100.3376099,239.0182622,116.2496201,1592.591633,1390.350128,31,14,49,31,40
12/19/2021,2021,0,,SF,ATL,1540.0939,1435.79859,0.726023917,0.273976083,1555.075172,1420.817318,1550.242996,1431.482303,Jimmy Garoppolo,Matt Ryan,137.6717156,137.4289476,2.294360557,-17.09405694,0.761519719,0.238480281,168.6732781,112.3463714,140.7718718,134.92069,1563.107424,1418.617875,31,13,38,94,66
12/19/2021,2021,0,,DEN,CIN,1480.206404,1484.151098,0.586972209,0.413027791,1458.571729,1505.785772,1496.045002,1484.01682,Teddy Bridgewater,Joe Burrow,133.3548166,157.9592494,-5.04109607,4.298216779,0.588381369,0.411618631,-22.80566995,123.2611766,117.738768,154.4894421,1474.348141,1505.713682,10,15,43,86,65
12/19/2021,2021,0,,BAL,GB,1571.269003,1669.434523,0.452415426,0.547584574,1565.090339,1675.613188,1571.771422,1644.58876,Tyler Huntley,Aaron Rodgers,3.343388066,257.96876,-174.1934873,18.60977433,0.232091225,0.767908775,447.2312531,272.8028761,47.73217457,259.4521716,1568.831705,1647.528477,30,31,58,85,72
12/19/2021,2021,0,,TB,NO,1683.711291,1536.108933,0.772738182,0.227261818,1644.318571,1575.501653,1653.520144,1536.787139,Tom Brady,Taysom Hill,267.1374882,86.82845711,22.91411378,-67.69654473,0.820713266,0.179286734,-43.43379989,16.5198635,236.0803594,79.79759775,1610.565296,1579.741988,0,9,79,52,66
12/20/2021,2021,0,,CLE,OAK,1524.99949,1434.069151,0.71045753,0.28954247,1508.198319,1450.870322,1539.655479,1423.885413,Nick Mullens,Derek Carr,114.5610966,177.7038765,-20.42725921,-4.111944308,0.717335886,0.282664114,112.4901015,128.8374864,114.3539971,172.8172375,1522.642954,1440.897938,14,16,32,48,40
12/20/2021,2021,0,,CHI,MIN,1415.413533,1515.286388,0.449981785,0.550018215,1395.947868,1534.752052,1406.495579,1504.869552,Justin Fields,Kirk Cousins,80.56466332,215.6586786,-15.8910724,6.632404619,0.40826444,0.59173556,211.4507868,-66.91197261,93.65327567,187.4016135,1389.065424,1522.299707,9,17,22,31,27
12/21/2021,2021,0,,LAR,SEA,1596.299416,1521.656989,0.690796667,0.309203333,1610.243101,1507.713304,1580.08019,1511.94715,Matthew Stafford,Russell Wilson,212.5767138,161.0699963,16.6859382,-1.762958482,0.697887372,0.302112628,83.61796383,-29.24375737,199.6808388,142.0386209,1593.670402,1498.356939,20,10,74,12,43
12/21/2021,2021,0,,PHI,WSH,1502.992186,1464.434664,0.644769272,0.355230728,1519.262441,1448.164409,1491.727547,1509.810957,Jalen Hurts,Garrett Gilbert,156.5781513,32.74754434,2.147557163,-116.3362444,0.739059863,0.260940137,275.8254923,55.18813939,168.5028854,34.99160385,1503.291085,1498.247419,27,17,20,79,50
12/23/2021,2021,0,,TEN,SF,1555.622359,1555.075172,0.593226543,0.406773457,1566.574213,1544.123318,1548.67157,1563.107424,Ryan Tannehill,Jimmy Garoppolo,132.0674149,140.7718718,-24.8157357,3.729720658,0.528548129,0.471451871,140.0253438,141.0643076,132.8632078,140.8011154,1561.626055,1550.15294,20,17,71,64,68
12/25/2021,2021,0,,GB,CLE,1675.613188,1508.198319,0.792142333,0.207857667,1679.743906,1504.067601,1647.528477,1522.642954,Aaron Rodgers,Baker Mayfield,259.4521716,114.9514305,18.42099141,-18.91201258,0.778891806,0.221108194,290.0019031,-98.54401853,262.5071448,93.60188561,1651.947347,1518.224084,24,22,84,75,80
12/25/2021,2021,0,,ARI,IND,1544.1959,1625.777967,0.476154589,0.523845411,1525.803448,1644.170419,1545.712071,1604.86568,Kyler Murray,Carson Wentz,201.811037,134.1244838,-1.154609698,-3.166679803,0.505581959,0.494418041,343.5917855,183.8150984,215.9891118,139.0935452,1526.000976,1624.576775,16,22,82,16,49
12/26/2021,2021,0,,NE,BUF,1620.27557,1622.417745,0.589485465,0.410514535,1589.146141,1653.547175,1620.224882,1592.591633,Mac Jones,Josh Allen,127.2644246,239.0182622,-0.8664997,0.451967878,0.617037386,0.382962614,-1.732979565,482.6355901,114.3646842,263.379995,1587.332616,1625.483899,21,33,91,94,93
12/26/2021,2021,0,,ATL,DET,1420.817318,1335.702692,0.70352265,0.29647735,1429.750977,1326.769033,1418.617875,1330.202533,Matt Ryan,Tim Boyle,134.92069,-4.891620783,-17.49348291,-146.1032161,0.829158691,0.170841309,94.56502796,86.28590526,130.8851238,4.226131821,1423.507176,1325.313233,20,16,0,1,1
12/26/2021,2021,0,,HOU,LAC,1343.711794,1534.446645,0.326559388,0.673440612,1380.352725,1497.805714,1354.169355,1535.910964,Davis Mills,Justin Herbert,97.84515272,243.9948888,-51.60194,22.21224722,0.245492562,0.754507438,253.9156679,210.7805505,113.4522042,240.673455,1396.640255,1493.440064,41,29,13,32,23
12/26/2021,2021,0,,NYJ,JAX,1292.083872,1233.393097,0.670847648,0.329152352,1303.251245,1222.225724,1302.126676,1244.823574,Zach Wilson,Trevor Lawrence,44.06833598,62.46593454,-33.34962997,-24.83198792,0.649486542,0.350513458,261.5806302,194.3884287,65.8195654,75.65818395,1314.104059,1232.84619,26,21,0,0,0
12/26/2021,2021,0,,PHI,NYG,1519.262441,1391.982112,0.751542237,0.248457763,1533.971924,1377.272629,1503.291085,1405.947338,Jalen Hurts,Jake Fromm,168.5028854,37.63386,8.002546351,-65.20563475,0.785893148,0.214106852,158.173781,-127.7849766,167.469975,21.09197634,1515.791252,1393.447172,34,10,13,29,21
12/26/2021,2021,0,,MIN,LAR,1534.752052,1610.243101,0.484906754,0.515093246,1514.681059,1630.314094,1522.299707,1593.670402,Kirk Cousins,Matthew Stafford,187.4016135,199.6808388,-7.827748172,9.403703789,0.460542661,0.539457339,212.7547215,8.784538495,189.9369243,180.5912088,1503.382525,1612.587584,23,30,76,60,68
12/26/2021,2021,0,,CIN,BAL,1505.785772,1565.090339,0.508195654,0.491804346,1535.654634,1535.221477,1505.713682,1568.831705,Joe Burrow,Josh Johnson,154.4894421,22.33636248,2.348402303,-168.6852318,0.720624838,0.279375162,541.2790233,234.0509046,193.1684002,43.50781669,1521.540747,1553.00464,41,21,24,98,61
12/26/2021,2021,0,,CAR,TB,1395.266917,1644.318571,0.2574076,0.7425924,1379.609357,1659.976132,1390.350128,1610.565296,Cam Newton,Tom Brady,116.2496201,236.0803594,18.78030805,6.239843687,0.295857077,0.704142923,-16.34983866,208.6020223,102.9896742,233.3325256,1372.097904,1628.817519,6,32,51,1,26
12/26/2021,2021,0,,SEA,CHI,1507.713304,1395.947868,0.734493855,0.265506145,1496.641457,1407.019715,1498.356939,1389.065424,Russell Wilson,Nick Foles,142.0386209,134.5831615,-11.19049824,32.37767325,0.675881846,0.324118154,138.689917,111.7433567,141.7037505,132.299181,1488.410002,1399.012361,24,25,25,1,13
12/26/2021,2021,0,,KC,PIT,1687.682015,1495.712343,0.814457206,0.185542794,1698.633239,1484.761118,1679.729776,1485.557081,Patrick Mahomes,Ben Roethlisberger,225.0672316,158.3684682,-3.134033718,-14.98684341,0.820600326,0.179399674,307.7773857,41.63034855,233.3382471,146.6946562,1690.287674,1474.999183,36,10,80,75,78
12/26/2021,2021,0,,OAK,DEN,1450.870322,1458.571729,0.581719769,0.418280231,1463.99248,1445.449572,1440.897938,1474.348141,Derek Carr,Drew Lock,172.8172375,128.2853794,-6.349666596,-2.050454206,0.528300712,0.471699288,126.3044088,38.19188747,168.1659546,119.2760302,1455.946691,1459.299388,17,13,25,32,29
12/26/2021,2021,0,,DAL,WSH,1584.495154,1448.164409,0.761142405,0.238857595,1600.956533,1431.703031,1598.997092,1498.247419,Dak Prescott,Taylor Heinicke,182.9333909,102.2068259,-13.16883331,-42.18218037,0.748647249,0.251352751,329.9805087,-111.2859894,197.6381027,80.85754438,1616.404656,1480.839855,56,14,58,36,47
12/27/2021,2021,0,,NO,MIA,1575.501653,1521.177537,0.665273582,0.334726418,1534.83839,1561.8408,1579.741988,1523.6779,Ian Book,Tua Tagovailoa,53.05014,152.522644,-94.57460493,13.55877368,0.508024373,0.491975627,-207.5033373,92.68418112,26.99479227,146.5387977,1550.299774,1553.120114,3,20,54,93,74
1/2/2022,2021,0,,TEN,MIA,1566.574213,1561.8408,0.599028252,0.400971748,1593.51356,1534.901453,1561.626055,1553.120114,Ryan Tannehill,Tua Tagovailoa,132.8632078,146.5387977,-23.17705247,9.888911854,0.54828799,0.45171201,178.3781206,-95.37261676,137.4146991,122.3476563,1592.464533,1522.281636,34,3,73,99,86
1/2/2022,2021,0,,IND,OAK,1644.170419,1463.99248,0.803979995,0.196020005,1619.083568,1489.07933,1624.576775,1455.946691,Carson Wentz,Derek Carr,139.0935452,168.1659546,-0.52381508,-8.3578247,0.797246586,0.202753414,76.83858411,113.5284873,132.8680491,162.7022079,1599.792937,1480.730528,20,23,64,59,62
1/2/2022,2021,0,,BUF,ATL,1653.547175,1429.750977,0.840565882,0.159434118,1661.180281,1422.11787,1625.483899,1423.507176,Josh Allen,Matt Ryan,263.379995,130.8851238,12.61023588,-18.63659186,0.842257635,0.157742365,-0.892098991,44.18996043,236.9527856,122.2156074,1633.029333,1415.961741,29,15,55,42,49
1/2/2022,2021,0,,CHI,NYG,1407.019715,1377.272629,0.633069572,0.366930428,1430.207928,1354.084416,1399.012361,1393.447172,Andy Dalton,Mike Glennon,104.8560907,80.97725314,2.173709031,-10.33101805,0.607516517,0.392483483,9.651382959,-211.1482878,95.33561995,51.76469904,1424.020859,1368.438674,29,3,6,0,3
1/2/2022,2021,0,,NE,JAX,1589.146141,1222.225724,0.923178197,0.076821803,1593.915459,1217.456406,1587.332616,1232.84619,Mac Jones,Trevor Lawrence,114.3646842,75.65818395,-7.273044923,-16.99426382,0.919539964,0.080460036,277.8378897,47.29010161,130.7120047,72.82137572,1592.344419,1227.834387,50,10,3,11,7
1/2/2022,2021,0,,NYJ,TB,1303.251245,1659.976132,0.157187727,0.842812273,1298.783942,1664.443435,1314.104059,1628.817519,Zach Wilson,Tom Brady,65.8195654,233.3325256,-20.80653376,4.55393465,0.165509276,0.834490724,134.2539443,310.0352982,72.66300329,241.0028029,1309.379998,1633.541581,24,28,21,1,11
1/2/2022,2021,0,,CIN,KC,1535.654634,1698.633239,0.362620089,0.637379911,1554.150275,1680.137599,1521.540747,1690.287674,Joe Burrow,Patrick Mahomes,193.1684002,233.3382471,21.57046125,1.158175671,0.371693658,0.628306342,400.5351221,325.9346504,213.9050724,242.5978874,1539.714434,1672.113987,34,31,93,98,96
1/2/2022,2021,0,,WSH,PHI,1431.703031,1533.971924,0.446570524,0.553429476,1417.567935,1548.10702,1480.839855,1515.791252,Taylor Heinicke,Jalen Hurts,80.85754438,167.469975,-50.74771212,7.085963811,0.44648363,0.55351637,106.2705633,143.1677743,83.39884627,165.0397549,1466.707894,1529.923212,16,20,35,94,65
1/2/2022,2021,0,,BAL,LAR,1535.221477,1630.314094,0.456801213,0.543198787,1528.974319,1636.561252,1553.00464,1612.587584,Tyler Huntley,Matthew Stafford,47.73217457,180.5912088,-145.4408852,-0.611296416,0.30862269,0.69137731,68.76327646,192.1013631,49.83528476,181.7422242,1548.982392,1616.609832,19,20,50,96,73
1/2/2022,2021,0,,LAC,DEN,1497.805714,1445.449572,0.66274618,0.33725382,1517.599175,1425.656111,1493.440064,1459.299388,Justin Herbert,Drew Lock,240.673455,119.2760302,19.44091794,-6.45260609,0.664068805,0.335931195,274.0654794,198.2861755,244.0126574,127.1770447,1513.14715,1439.592302,34,13,39,46,43
1/2/2022,2021,0,,SF,HOU,1544.123318,1380.352725,0.788667051,0.211332949,1554.970394,1369.505649,1550.15294,1396.640255,Trey Lance,Davis Mills,110.4174204,113.4522042,-26.82583863,-41.21831724,0.78933911,0.21066089,204.497814,28.05036765,119.8254597,104.9120206,1560.9624,1385.830795,23,7,18,15,17
1/2/2022,2021,0,,DAL,ARI,1600.956533,1525.803448,0.691424199,0.308575801,1580.481822,1546.278158,1616.404656,1526.000976,Dak Prescott,Kyler Murray,197.6381027,215.9891118,-5.158035756,5.992158216,0.688491603,0.311508397,268.3106345,354.9246011,204.7053559,229.8826607,1596.040332,1546.365301,22,25,81,40,61
1/2/2022,2021,0,,SEA,DET,1496.641457,1326.769033,0.794462021,0.205537979,1508.287397,1315.123093,1488.410002,1325.313233,Russell Wilson,Tim Boyle,141.7037505,4.226131821,-10.79840852,-134.239179,0.881906168,0.118093832,294.7330676,109.0924798,157.0066822,14.71276662,1494.801,1318.922234,51,29,0,0,0
1/2/2022,2021,0,,NO,CAR,1534.83839,1379.609357,0.780355665,0.219644335,1543.612249,1370.835498,1550.299774,1372.097904,Taysom Hill,Sam Darnold,79.79759775,72.7961679,-50.07074307,-18.9821866,0.764662077,0.235337923,176.3582122,-106.6837369,89.4536592,54.84817742,1559.76119,1362.636488,18,10,14,30,22
1/2/2022,2021,0,,GB,MIN,1679.743906,1514.681059,0.789904225,0.210095775,1692.419962,1502.005003,1651.947347,1503.382525,Aaron Rodgers,Sean Mannion,262.5071448,60.17579901,19.02742842,-135.9298306,0.887927531,0.112072469,343.2616026,138.6694734,270.5825906,68.02516645,1658.367116,1496.962756,37,10,51,18,35
1/3/2022,2021,0,,PIT,CLE,1484.761118,1504.067601,0.565381731,0.434618269,1506.602945,1482.225774,1474.999183,1518.224084,Ben Roethlisberger,Baker Mayfield,146.6946562,93.60188561,-20.07440722,-28.6411844,0.529897446,0.470102554,-29.78190101,-182.1851926,129.0470005,66.02317779,1498.889103,1494.334164,26,14,34,2,18
1/8/2022,2021,0,,DEN,KC,1425.656111,1680.137599,0.251478369,0.748521631,1418.203235,1687.590474,1439.592302,1672.113987,Drew Lock,Patrick Mahomes,127.1770447,242.5978874,-2.179468518,5.730087053,0.25837713,0.74162287,178.184657,315.1084964,132.2778059,249.8489483,1431.914699,1679.79159,24,28,72,21,47
1/8/2022,2021,0,,PHI,DAL,1548.10702,1580.481822,0.546813917,0.453186083,1511.939214,1616.649628,1529.923212,1596.040332,Gardner Minshew,Dak Prescott,150.8848969,204.7053559,-8.63830241,-1.366507376,0.481108488,0.518891512,92.94466206,397.9233261,145.0908734,224.0271529,1498.759294,1627.20425,26,51,76,2,39
1/9/2022,2021,0,,MIN,CHI,1502.005003,1430.207928,0.687287245,0.312712755,1517.950351,1414.26258,1496.962756,1424.020859,Kirk Cousins,Andy Dalton,189.9369243,95.33561995,-3.29689755,-2.695211809,0.677262721,0.322737279,202.3054176,21.14481347,191.1737736,87.9165393,1513.47603,1407.507585,31,17,26,0,13
1/9/2022,2021,0,,DET,GB,1315.123093,1692.419962,0.14212819,0.85787181,1356.703438,1650.839616,1318.922234,1658.367116,Jared Goff,Aaron Rodgers,142.3198832,270.5825906,5.323213946,22.11377989,0.428447125,0.571552875,246.5422908,113.3127052,152.742124,254.855602,1318.922234,1658.367116,37,30,38,1,20
1/9/2022,2021,0,,CLE,CIN,1482.225774,1554.150275,0.490036162,0.509963838,1500.558126,1535.817923,1494.334164,1539.714434,Case Keenum,Brandon Allen,124.2958174,42.71208895,17.27416053,-140.3327092,0.724675895,0.275324105,131.0742088,3.353485056,124.9736566,38.77622856,1503.500018,1530.54858,21,16,25,1,13
1/9/2022,2021,0,,JAX,IND,1217.456406,1619.083568,0.125891761,0.874108239,1274.683749,1561.856225,1227.834387,1599.792937,Trevor Lawrence,Carson Wentz,72.82137572,132.8680491,-17.56295475,-3.610372382,0.131388515,0.868611485,229.2583539,-82.91771374,88.46507354,111.2894728,1284.443029,1543.184295,26,11,3,59,31
1/9/2022,2021,0,,NYG,WSH,1354.084416,1417.567935,0.502182378,0.497817622,1326.218304,1445.434047,1368.438674,1466.707894,Jake Fromm,Taylor Heinicke,21.09197634,83.39884627,-55.0934669,-46.93967557,0.427648256,0.572351744,-73.57432344,-39.70489517,11.62534636,71.08847213,1345.258289,1489.888279,7,22,2,0,1
1/9/2022,2021,0,,BAL,PIT,1528.974319,1506.602945,0.623152354,0.376847646,1510.982328,1524.594936,1548.982392,1498.889103,Tyler Huntley,Ben Roethlisberger,49.83528476,129.0470005,-137.1172859,-27.89451473,0.495193905,0.504806095,14.99035809,127.022586,46.35079209,128.8445591,1535.273513,1512.597983,13,16,20,14,17
1/9/2022,2021,0,,HOU,TEN,1369.505649,1593.51356,0.2859118,0.7140882,1362.112818,1600.906392,1385.830795,1592.464533,Davis Mills,Ryan Tannehill,104.9120206,137.4146991,-43.42749321,-19.7424542,0.270174497,0.729825503,303.7123051,324.9192143,124.792049,156.1651506,1378.884992,1599.410337,25,28,22,99,61
1/9/2022,2021,0,,ATL,NO,1422.11787,1543.612249,0.419407098,0.580592902,1402.507563,1563.222557,1415.961741,1559.76119,Matt Ryan,Taysom Hill,122.2156074,89.4536592,-22.03952044,-42.73917519,0.405589505,0.594410495,84.40674094,82.93879697,118.4347208,88.80217297,1397.080391,1578.642541,20,30,25,91,58
1/9/2022,2021,0,,TB,CAR,1664.443435,1370.835498,0.887385921,0.112614079,1670.677134,1364.601798,1633.541581,1362.636488,Tom Brady,Sam Darnold,241.0028029,54.84817742,8.161376548,-27.00707252,0.889953653,0.110046347,380.6865926,174.0375381,254.9711819,66.76711349,1639.622429,1356.55564,41,17,34,1,18
1/9/2022,2021,0,,MIA,NE,1534.901453,1593.915459,0.508613686,0.491386314,1557.469225,1571.347688,1522.281636,1592.344419,Tua Tagovailoa,Mac Jones,122.3476563,130.7120047,-2.701104462,1.264267601,0.479690995,0.520309005,207.9118875,156.2255056,130.9040794,133.2633548,1546.39753,1568.228525,33,24,75,6,41
1/9/2022,2021,0,,BUF,NYJ,1661.180281,1298.783942,0.921310769,0.078689231,1664.989151,1294.975072,1633.029333,1309.379998,Josh Allen,Zach Wilson,236.9527856,72.66300329,-1.233880614,-16.34448813,0.906621961,0.093378039,245.9898243,-108.8632466,237.8564895,54.51037831,1637.60585,1304.803481,27,10,20,16,18
1/9/2022,2021,0,,ARI,SEA,1546.278158,1508.287397,0.644021661,0.355978339,1516.586992,1537.978563,1546.365301,1494.801,Kyler Murray,Russell Wilson,229.8826607,157.0066822,12.63932477,-2.607022246,0.674070161,0.325929839,153.1041469,227.8013938,222.2048094,164.0861534,1514.940528,1526.225772,30,38,61,39,50
1/9/2022,2021,0,,LAR,SF,1636.561252,1554.970394,0.699274359,0.300725641,1615.78916,1575.742486,1616.609832,1560.9624,Matthew Stafford,Jimmy Garoppolo,181.7422242,140.8011154,-0.005223877,0.195128665,0.655596432,0.344403568,54.99414028,142.5114036,169.0674158,140.9721442,1597.459409,1580.112822,24,27,86,100,93
1/9/2022,2021,0,,OAK,LAC,1489.07933,1517.599175,0.552307082,0.447692918,1501.289545,1505.38896,1480.730528,1513.14715,Derek Carr,Justin Herbert,162.7022079,244.0126574,-10.67180683,20.13847327,0.489497243,0.510502757,71.84815776,148.2029459,153.6168029,234.4316863,1494.931787,1498.945891,35,32,49,100,75
1/15/2022,2021,0,w,CIN,OAK,1535.817923,1501.289545,0.639439304,0.360560696,1550.164193,1486.943275,1530.54858,1494.931787,Joe Burrow,Derek Carr,213.9050724,153.6168029,39.84483993,-14.680919,0.740617921,0.259382079,182.3390896,81.91678942,210.7484741,146.4468015,1540.510657,1484.96971,26,19,61,100,81
1/15/2022,2021,0,w,BUF,NE,1664.989151,1571.347688,0.713657328,0.286342672,1683.332367,1553.004471,1637.60585,1568.228525,Josh Allen,Mac Jones,237.8564895,133.2633548,-0.720334646,2.476729265,0.700099491,0.299900509,615.5925842,167.8062068,275.6300989,136.71764,1656.910634,1548.923741,47,17,90,100,95
1/16/2022,2021,0,w,TB,PHI,1670.677134,1511.939214,0.783798139,0.216201861,1681.797158,1500.81919,1639.622429,1498.759294,Tom Brady,Jalen Hurts,254.9711819,165.0397549,14.73749721,8.845482447,0.805219192,0.194780808,204.0834508,74.2219522,249.8824088,155.9579747,1649.547292,1488.834431,31,15,83,100,92
1/16/2022,2021,0,w,DAL,SF,1616.649628,1575.742486,0.647861076,0.352138924,1590.160882,1602.231233,1627.20425,1580.112822,Dak Prescott,Jimmy Garoppolo,224.0271529,140.9721442,8.362716505,0.270886644,0.690315804,0.309684196,85.87072428,109.71372,210.21151,137.8463018,1598.522986,1608.794086,17,23,91,100,96
1/16/2022,2021,0,w,KC,PIT,1687.590474,1524.594936,0.787922476,0.212077524,1699.470145,1512.715265,1679.79159,1512.597983,Patrick Mahomes,Ben Roethlisberger,249.8489483,128.8445591,9.069113153,-26.60100971,0.858472826,0.141527174,489.0771312,153.7317152,273.7717666,131.3332747,1687.450699,1504.938873,42,21,85,100,93
1/17/2022,2021,0,w,LAR,ARI,1615.78916,1516.586992,0.720153603,0.279846397,1632.341105,1500.035047,1597.459409,1514.940528,Matthew Stafford,Kyler Murray,169.0674158,222.2048094,-6.342366879,8.168432837,0.702535155,0.297464845,277.0976152,-42.84787552,179.8704357,195.6995409,1615.16508,1497.234857,34,11,76,100,88
1/22/2022,2021,0,d,TEN,CIN,1600.906392,1550.164193,0.660666473,0.339333527,1581.571624,1569.498961,1599.410337,1540.510657,Ryan Tannehill,Joe Burrow,156.1651506,210.7484741,-9.380105732,36.2742988,0.657161814,0.342838186,9.807240966,9.642980853,141.5293596,190.6379248,1580.203098,1559.717895,16,19,85,100,93
1/22/2022,2021,0,d,GB,SF,1650.839616,1602.231233,0.65790733,0.34209267,1631.605288,1621.465562,1658.367116,1608.794086,Aaron Rodgers,Jimmy Garoppolo,270.5825906,137.8463018,22.11377989,-1.305578901,0.751668465,0.248331535,45.90347908,-66.62770924,248.1146794,117.3989007,1635.529183,1631.632019,10,13,97,100,99
1/23/2022,2021,0,d,TB,LAR,1681.797158,1632.341105,0.659004708,0.340995292,1662.522916,1651.615346,1649.547292,1615.16508,Tom Brady,Matthew Stafford,249.8824088,179.8704357,11.45623579,-0.623738567,0.68143964,0.31856036,132.1808093,379.0271456,238.1122488,199.7861067,1629.446888,1635.265484,27,30,96,100,98
1/23/2022,2021,0,d,KC,BUF,1699.470145,1683.332367,0.614689224,0.385310776,1713.932369,1668.870143,1687.450699,1656.910634,Patrick Mahomes,Josh Allen,273.7717666,275.6300989,20.57706664,18.20248682,0.652719643,0.347280357,622.0421874,434.1014205,308.5988087,291.4772311,1700.324756,1644.036577,42,36,100,100,100
1/30/2022,2021,0,c,KC,CIN,1713.932369,1569.498961,0.769518716,0.230481284,1690.352,1593.079331,1700.324756,1559.717895,Patrick Mahomes,Joe Burrow,308.5988087,190.6379248,36.96173435,24.4053092,0.810417382,0.189582618,134.6831699,153.9726405,291.2072448,186.9713964,1674.943733,1585.098917,24,27,98,100,99
1/30/2022,2021,0,c,LAR,SF,1651.615346,1621.465562,0.633607889,0.366392111,1661.352751,1611.728157,1635.265484,1631.632019,Matthew Stafford,Jimmy Garoppolo,199.7861067,117.3989007,9.365283854,-11.46400051,0.636092751,0.363907249,248.5045961,197.1480598,204.6579557,125.3738166,1644.92901,1621.968494,20,17,96,100,98
2/13/2022,2021,1,s,CIN,LAR,1593.079331,1661.352751,0.402992097,0.597007903,1584.789928,1669.642154,1585.098917,1644.92901,Joe Burrow,Matthew Stafford,186.9713964,204.6579557,21.35177952,11.33294413,0.315060429,0.684939571,85.94694785,160.9153025,176.8689515,200.2836903,1576.868287,1653.15964,20,23,95,100,98
